word,freq_zipf,language,source,n_density,old20,id,length,frequency,condition,set,list,trial
arab,4.39,english,wordfreq,3,1.75,1346,4,4.39,low_frequency,30,1,1
night,5.61,english,wordfreq,8,1.4,18186,5,5.61,high_frequency,55,1,2
know,6.1,english,wordfreq,5,1.6,14942,4,6.1,high_frequency,72,1,3
from,6.63,english,wordfreq,3,1.75,10893,4,6.63,high_frequency,79,1,4
pay,5.4,english,wordfreq,34,1.0,19545,3,5.4,high_frequency,34,1,5
road,5.24,english,wordfreq,5,1.55,22855,4,5.24,high_frequency,10,1,6
though,5.5,english,wordfreq,1,1.75,27039,6,5.5,high_frequency,45,1,7
major,5.3,english,wordfreq,2,1.85,16201,5,5.3,high_frequency,19,1,8
abused,4.0,english,wordfreq,3,1.85,101,6,4.0,low_frequency,15,1,9
help,5.75,english,wordfreq,7,1.55,12458,4,5.75,high_frequency,61,1,10
been,6.27,english,wordfreq,14,1.2,2437,4,6.27,high_frequency,75,1,11
arrange,4.0,english,wordfreq,0,2.5,1477,7,4.0,low_frequency,32,1,12
can,6.46,english,wordfreq,32,1.0,3911,3,6.46,high_frequency,78,1,13
pigs,3.99,english,wordfreq,12,1.35,20018,4,3.99,low_frequency,49,1,14
several,5.39,english,wordfreq,0,2.5,23999,7,5.39,high_frequency,32,1,15
attract,4.2,english,wordfreq,0,2.45,1786,7,4.2,low_frequency,65,1,16
accent,4.14,english,wordfreq,2,1.85,125,6,4.14,low_frequency,69,1,17
bass,4.28,english,wordfreq,14,1.05,2291,4,4.28,low_frequency,2,1,18
heel,3.84,english,wordfreq,7,1.4,12419,4,3.84,low_frequency,73,1,19
basin,4.08,english,wordfreq,3,1.7,2283,5,4.08,low_frequency,40,1,20
care,5.56,english,wordfreq,29,1.0,4047,4,5.56,high_frequency,51,1,21
ego,4.02,english,wordfreq,8,1.3,8649,3,4.02,low_frequency,58,1,22
ninja,3.87,english,wordfreq,0,2.05,18217,5,3.87,low_frequency,7,1,23
archive,3.98,english,wordfreq,0,2.5,1386,7,3.98,low_frequency,25,1,24
cart,3.98,english,wordfreq,23,1.0,4117,4,3.98,low_frequency,51,1,25
anne,4.32,english,wordfreq,4,1.65,1083,4,4.32,low_frequency,59,1,26
clear,5.25,english,wordfreq,1,1.8,4913,5,5.25,high_frequency,11,1,27
full,5.54,english,wordfreq,12,1.35,10960,4,5.54,high_frequency,49,1,28
junk,4.03,english,wordfreq,9,1.5,14618,4,4.03,low_frequency,31,1,29
absence,4.34,english,wordfreq,0,2.7,75,7,4.34,low_frequency,14,1,30
chan,4.0,english,wordfreq,14,1.0,4434,4,4.0,low_frequency,6,1,31
baptist,3.86,english,wordfreq,1,2.5,2183,7,3.86,low_frequency,43,1,32
act,5.3,english,wordfreq,19,1.0,252,3,5.3,high_frequency,18,1,33
crop,4.15,english,wordfreq,7,1.55,6438,4,4.15,low_frequency,61,1,34
when,6.37,english,wordfreq,6,1.6,29341,4,6.37,high_frequency,77,1,35
former,5.28,english,wordfreq,3,1.85,10665,6,5.28,high_frequency,15,1,36
clip,4.26,english,wordfreq,6,1.6,4981,4,4.26,low_frequency,77,1,37
bias,4.18,english,wordfreq,5,1.65,2649,4,4.18,low_frequency,35,1,38
process,5.26,english,wordfreq,1,2.2,20891,7,5.26,high_frequency,13,1,39
settle,4.37,english,wordfreq,1,1.75,23981,6,4.37,low_frequency,45,1,40
further,5.31,english,wordfreq,1,2.65,11015,7,5.31,high_frequency,20,1,41
lead,5.2,english,wordfreq,14,1.05,15268,4,5.2,high_frequency,2,1,42
chen,3.96,english,wordfreq,12,1.2,4586,4,3.96,low_frequency,46,1,43
hard,5.53,english,wordfreq,13,1.0,12180,4,5.53,high_frequency,48,1,44
non,5.29,english,wordfreq,23,1.0,18281,3,5.29,high_frequency,17,1,45
bald,3.83,english,wordfreq,7,1.55,2104,4,3.83,low_frequency,5,1,46
armor,3.97,english,wordfreq,1,1.8,1459,5,3.97,low_frequency,11,1,47
clue,4.18,english,wordfreq,3,1.75,5037,4,4.18,low_frequency,79,1,48
group,5.57,english,wordfreq,0,1.95,11850,5,5.57,high_frequency,52,1,49
dial,3.93,english,wordfreq,5,1.55,7487,4,3.93,low_frequency,10,1,50
alot,3.93,english,wordfreq,5,1.6,817,4,3.93,low_frequency,72,1,51
acute,4.0,english,wordfreq,0,1.95,282,5,4.0,low_frequency,42,1,52
site,5.22,english,wordfreq,14,1.0,24537,4,5.22,high_frequency,6,1,53
within,5.44,english,wordfreq,0,2.65,29579,6,5.44,high_frequency,39,1,54
both,5.79,english,wordfreq,7,1.5,3143,4,5.79,high_frequency,63,1,55
lease,4.17,english,wordfreq,5,1.55,15306,5,4.17,low_frequency,60,1,56
second,5.63,english,wordfreq,0,2.55,23736,6,5.63,high_frequency,56,1,57
chin,4.0,english,wordfreq,11,1.2,4659,4,4.0,low_frequency,71,1,58
allah,3.89,english,wordfreq,1,1.95,755,5,3.89,low_frequency,1,1,59
alley,3.87,english,wordfreq,2,1.7,772,5,3.87,low_frequency,27,1,60
want,6.04,english,wordfreq,11,1.2,29053,4,6.04,high_frequency,71,1,61
really,5.97,english,wordfreq,2,1.85,21758,6,5.97,high_frequency,69,1,62
bryan,3.98,english,wordfreq,2,1.7,3514,5,3.98,low_frequency,37,1,63
buck,4.01,english,wordfreq,13,1.2,3536,4,4.01,low_frequency,22,1,64
rains,3.84,english,wordfreq,8,1.35,21561,5,3.84,low_frequency,68,1,65
blonde,4.04,english,wordfreq,0,1.85,2899,6,4.04,low_frequency,57,1,66
kent,4.17,english,wordfreq,14,1.2,14763,4,4.17,low_frequency,75,1,67
months,5.35,english,wordfreq,1,1.85,17463,6,5.35,high_frequency,26,1,68
position,5.21,english,wordfreq,0,2.4,20475,8,5.21,high_frequency,4,1,69
ago,5.42,english,wordfreq,7,1.35,567,3,5.42,high_frequency,36,1,70
bid,4.4,english,wordfreq,23,1.0,2662,3,4.4,low_frequency,66,1,71
guys,5.41,english,wordfreq,5,1.65,11985,4,5.41,high_frequency,35,1,72
else,5.38,english,wordfreq,3,1.75,8783,4,5.38,high_frequency,30,1,73
flu,3.96,english,wordfreq,5,1.55,10473,3,3.96,low_frequency,67,1,74
cut,5.24,english,wordfreq,21,1.0,6658,3,5.24,high_frequency,9,1,75
adverse,3.89,english,wordfreq,0,2.4,431,7,3.89,low_frequency,4,1,76
allies,4.27,english,wordfreq,1,1.85,778,6,4.27,low_frequency,38,1,77
find,5.76,english,wordfreq,12,1.15,10227,4,5.76,high_frequency,62,1,78
doc,4.36,english,wordfreq,24,1.0,7997,3,4.36,low_frequency,41,1,79
lime,3.86,english,wordfreq,15,1.1,15601,4,3.86,low_frequency,44,1,80
next,5.7,english,wordfreq,4,1.65,18127,4,5.7,high_frequency,59,1,81
bend,4.13,english,wordfreq,12,1.15,2532,4,4.13,low_frequency,62,1,82
accepts,3.88,english,wordfreq,1,2.65,132,7,3.88,low_frequency,20,1,83
right,5.96,english,wordfreq,8,1.35,22775,5,5.96,high_frequency,68,1,84
betty,3.92,english,wordfreq,6,1.65,2627,5,3.92,low_frequency,8,1,85
breach,4.13,english,wordfreq,3,1.75,3293,6,4.13,low_frequency,33,1,86
ranking,4.19,english,wordfreq,4,1.65,21627,7,4.19,low_frequency,29,1,87
using,5.47,english,wordfreq,0,1.95,28434,5,5.47,high_frequency,42,1,88
students,5.25,english,wordfreq,0,3.1,25902,8,5.25,high_frequency,12,1,89
power,5.52,english,wordfreq,7,1.55,20559,5,5.52,high_frequency,47,1,90
art,5.29,english,wordfreq,19,1.0,1506,3,5.29,high_frequency,16,1,91
won,5.2,english,wordfreq,21,1.0,29615,3,5.2,high_frequency,3,1,92
use,5.81,english,wordfreq,10,1.05,28422,3,5.81,high_frequency,64,1,93
abc,4.24,english,wordfreq,23,1.0,24,3,4.24,low_frequency,17,1,94
soon,5.32,english,wordfreq,13,1.2,25025,4,5.32,high_frequency,22,1,95
also,6.19,english,wordfreq,2,1.85,829,4,6.19,high_frequency,74,1,96
light,5.33,english,wordfreq,8,1.25,15561,5,5.33,high_frequency,23,1,97
aired,3.85,english,wordfreq,7,1.55,619,5,3.85,low_frequency,47,1,98
good,6.12,english,wordfreq,7,1.4,11557,4,6.12,high_frequency,73,1,99
adopt,4.19,english,wordfreq,2,1.85,390,5,4.19,low_frequency,19,1,100
boil,3.83,english,wordfreq,7,1.5,2995,4,3.83,low_frequency,63,1,101
says,5.49,english,wordfreq,15,1.1,23467,4,5.49,high_frequency,44,1,102
however,5.58,english,wordfreq,0,2.75,12937,7,5.58,high_frequency,53,1,103
please,5.66,english,wordfreq,0,1.8,20219,6,5.66,high_frequency,57,1,104
ace,4.11,english,wordfreq,21,1.0,200,3,4.11,low_frequency,3,1,105
adjust,4.07,english,wordfreq,0,2.55,345,6,4.07,low_frequency,56,1,106
where,6.0,english,wordfreq,2,1.8,29344,5,6.0,high_frequency,70,1,107
story,5.45,english,wordfreq,3,1.7,25755,5,5.45,high_frequency,40,1,108
coming,5.4,english,wordfreq,3,1.75,5293,6,5.4,high_frequency,33,1,109
bra,3.85,english,wordfreq,13,1.0,3228,3,3.85,low_frequency,28,1,110
lace,3.82,english,wordfreq,13,1.0,15037,4,3.82,low_frequency,48,1,111
races,4.38,english,wordfreq,9,1.25,21486,5,4.38,low_frequency,23,1,112
fuck,5.39,english,wordfreq,9,1.5,10936,4,5.39,high_frequency,31,1,113
course,5.44,english,wordfreq,1,1.85,6205,6,5.44,high_frequency,38,1,114
thing,5.72,english,wordfreq,5,1.55,26998,5,5.72,high_frequency,60,1,115
atm,3.85,english,wordfreq,16,1.0,1728,3,3.85,low_frequency,54,1,116
through,5.87,english,wordfreq,0,2.45,27082,7,5.87,high_frequency,65,1,117
had,6.33,english,wordfreq,27,1.0,12013,3,6.33,high_frequency,76,1,118
shows,5.23,english,wordfreq,6,1.65,24306,5,5.23,high_frequency,8,1,119
mlb,3.85,english,wordfreq,4,1.65,17281,3,3.85,low_frequency,80,1,120
ali,4.31,english,wordfreq,15,1.0,730,3,4.31,low_frequency,21,1,121
end,5.68,english,wordfreq,6,1.2,8954,3,5.68,high_frequency,58,1,122
abandon,4.02,english,wordfreq,0,2.7,10,7,4.02,low_frequency,12,1,123
playing,5.37,english,wordfreq,4,1.65,20200,7,5.37,high_frequency,29,1,124
cared,4.11,english,wordfreq,8,1.4,4048,5,4.11,low_frequency,55,1,125
issue,5.23,english,wordfreq,0,2.05,14235,5,5.23,high_frequency,7,1,126
array,4.1,english,wordfreq,0,1.95,1482,5,4.1,low_frequency,52,1,127
allied,4.07,english,wordfreq,1,1.85,777,6,4.07,low_frequency,26,1,128
fry,3.89,english,wordfreq,10,1.15,10925,3,3.89,low_frequency,64,1,129
cab,3.95,english,wordfreq,21,1.0,3765,3,3.95,low_frequency,9,1,130
head,5.51,english,wordfreq,12,1.2,12329,4,5.51,high_frequency,46,1,131
admiral,4.0,english,wordfreq,0,2.7,367,7,4.0,low_frequency,50,1,132
got,5.91,english,wordfreq,23,1.0,11597,3,5.91,high_frequency,66,1,133
ios,4.12,english,wordfreq,24,1.0,14126,3,4.12,low_frequency,78,1,134
apology,4.05,english,wordfreq,0,2.7,1241,7,4.05,low_frequency,53,1,135
ian,4.32,english,wordfreq,24,1.0,13128,3,4.32,low_frequency,76,1,136
abroad,4.39,english,wordfreq,0,2.65,71,6,4.39,low_frequency,39,1,137
american,5.49,english,wordfreq,1,2.5,907,8,5.49,high_frequency,43,1,138
admin,3.92,english,wordfreq,2,1.8,355,5,3.92,low_frequency,70,1,139
air,5.37,english,wordfreq,13,1.0,614,3,5.37,high_frequency,28,1,140
off,5.93,english,wordfreq,5,1.55,18620,3,5.93,high_frequency,67,1,141
age,5.32,english,wordfreq,15,1.0,539,3,5.32,high_frequency,21,1,142
early,5.43,english,wordfreq,2,1.7,8487,5,5.43,high_frequency,37,1,143
few,5.6,english,wordfreq,16,1.0,10111,3,5.6,high_frequency,54,1,144
bug,4.2,english,wordfreq,19,1.0,3573,3,4.2,low_frequency,18,1,145
above,5.2,english,wordfreq,1,1.95,65,5,5.2,high_frequency,1,1,146
special,5.34,english,wordfreq,0,2.5,25168,7,5.34,high_frequency,25,1,147
dip,4.05,english,wordfreq,24,1.0,7630,3,4.05,low_frequency,34,1,148
already,5.55,english,wordfreq,0,2.95,826,7,5.55,high_frequency,50,1,149
example,5.27,english,wordfreq,0,2.75,9448,7,5.27,high_frequency,14,1,150
you,6.98,english,wordfreq,4,1.6,29898,3,6.98,high_frequency,80,1,151
taken,5.33,english,wordfreq,4,1.75,26538,5,5.33,high_frequency,24,1,152
eden,3.82,english,wordfreq,2,1.85,8577,4,3.82,low_frequency,74,1,153
arrives,4.11,english,wordfreq,1,2.2,1493,7,4.11,low_frequency,13,1,154
war,5.46,english,wordfreq,24,1.0,29057,3,5.46,high_frequency,41,1,155
close,5.36,english,wordfreq,2,1.65,5005,5,5.36,high_frequency,27,1,156
beg,4.05,english,wordfreq,19,1.0,2450,3,4.05,low_frequency,16,1,157
bro,4.4,english,wordfreq,7,1.35,3425,3,4.4,low_frequency,36,1,158
blade,4.19,english,wordfreq,4,1.75,2805,5,4.19,low_frequency,24,1,159
goes,5.22,english,wordfreq,7,1.55,11524,4,5.22,high_frequency,5,1,160
