word,notes
anchor,concrete noun
anvil,concrete noun
apple,concrete noun
badger,concrete noun
banana,concrete noun
barn,concrete noun
basket,concrete noun
beacon,concrete noun
beaver,concrete noun
binder,concrete noun
blanket,concrete noun
boiler,concrete noun
bottle,concrete noun
boulder,concrete noun
bread,concrete noun
bridge,concrete noun
butter,concrete noun
button,concrete noun
cabin,concrete noun
candle,concrete noun
canoe,concrete noun
canyon,concrete noun
carrot,concrete noun
castle,concrete noun
chair,concrete noun
cheese,concrete noun
cherry,concrete noun
chisel,concrete noun
claw,concrete noun
collar,concrete noun
copper,concrete noun
cottage,concrete noun
cradle,concrete noun
crayon,concrete noun
cupboard,concrete noun
curtain,concrete noun
desert,concrete noun
donkey,concrete noun
drawer,concrete noun
drill,concrete noun
engine,concrete noun
feather,concrete noun
ferry,concrete noun
flower,concrete noun
folder,concrete noun
forest,concrete noun
furnace,concrete noun
garden,concrete noun
glacier,concrete noun
glove,concrete noun
granite,concrete noun
grape,concrete noun
gravel,concrete noun
hammer,concrete noun
harness,concrete noun
harvest,concrete noun
helmet,concrete noun
hoof,concrete noun
horn,concrete noun
house,concrete noun
island,concrete noun
jacket,concrete noun
kettle,concrete noun
ladder,concrete noun
lagoon,concrete noun
lantern,concrete noun
lemon,concrete noun
marble,concrete noun
marker,concrete noun
mattress,concrete noun
meadow,concrete noun
mirror,concrete noun
monkey,concrete noun
napkin,concrete noun
nickel,concrete noun
onion,concrete noun
orange,concrete noun
orchard,concrete noun
otter,concrete noun
paddle,concrete noun
palace,concrete noun
parrot,concrete noun
pasture,concrete noun
pebble,concrete noun
pencil,concrete noun
pepper,concrete noun
pillow,concrete noun
piston,concrete noun
pitcher,concrete noun
platter,concrete noun
pocket,concrete noun
potato,concrete noun
prairie,concrete noun
puddle,concrete noun
quartz,concrete noun
rabbit,concrete noun
raft,concrete noun
ribbon,concrete noun
river,concrete noun
rudder,concrete noun
ruler,concrete noun
saddle,concrete noun
salmon,concrete noun
saucer,concrete noun
scale,concrete noun
scarf,concrete noun
shelf,concrete noun
shell,concrete noun
shovel,concrete noun
silver,concrete noun
skillet,concrete noun
sledge,concrete noun
stone,concrete noun
stream,concrete noun
summit,concrete noun
sweater,concrete noun
table,concrete noun
temple,concrete noun
timber,concrete noun
tomato,concrete noun
torch,concrete noun
trolley,concrete noun
tunnel,concrete noun
turkey,concrete noun
valley,concrete noun
vineyard,concrete noun
wagon,concrete noun
water,concrete noun
weasel,concrete noun
window,concrete noun
wrench,concrete noun
