trial,list,set,condition,word,condition_trigger,item_trigger
1,1,30,low_frequency,chat,101,63
2,1,55,high_frequency,cual,102,90
3,1,72,high_frequency,uno,102,109
4,1,79,high_frequency,pero,102,116
5,1,34,high_frequency,varios,102,67
6,1,10,high_frequency,fácil,102,41
7,1,45,high_frequency,mujeres,102,79
8,1,19,high_frequency,alto,102,50
9,1,15,low_frequency,cobran,101,46
10,1,61,high_frequency,estar,102,97
11,1,75,high_frequency,así,102,112
12,1,32,low_frequency,adoro,101,65
13,1,78,high_frequency,ser,102,115
14,1,49,low_frequency,camina,101,83
15,1,32,high_frequency,somos,102,65
16,1,65,low_frequency,almería,101,101
17,1,69,low_frequency,palmas,101,105
18,1,2,low_frequency,abren,101,51
19,1,73,low_frequency,lean,101,110
20,1,40,low_frequency,compro,101,74
21,1,51,high_frequency,hombre,102,86
22,1,58,low_frequency,andan,101,93
23,1,7,low_frequency,call,101,106
24,1,25,low_frequency,ano,101,57
25,1,51,low_frequency,atento,101,86
26,1,59,low_frequency,aca,101,94
27,1,11,high_frequency,pregunta,102,42
28,1,49,high_frequency,pasado,102,83
29,1,31,low_frequency,caza,101,64
30,1,14,low_frequency,allen,101,45
31,1,6,low_frequency,acusa,101,95
32,1,43,low_frequency,coro,101,77
33,1,18,high_frequency,queda,102,49
34,1,61,low_frequency,cabra,101,97
35,1,77,high_frequency,muy,102,114
36,1,15,high_frequency,siento,102,46
37,1,77,low_frequency,app,101,114
38,1,35,low_frequency,asistió,101,68
39,1,13,high_frequency,suerte,102,44
40,1,45,low_frequency,aguilar,101,79
41,1,20,high_frequency,medios,102,52
42,1,2,high_frequency,norte,102,51
43,1,46,low_frequency,arias,101,80
44,1,48,high_frequency,méxico,102,82
45,1,17,high_frequency,digo,102,48
46,1,5,low_frequency,alias,101,84
47,1,11,low_frequency,comentó,101,42
48,1,79,low_frequency,mito,101,116
49,1,52,high_frequency,ley,102,87
50,1,10,low_frequency,láser,101,41
51,1,72,low_frequency,big,101,109
52,1,42,low_frequency,velo,101,76
53,1,6,high_frequency,serie,102,95
54,1,39,high_frequency,puedes,102,72
55,1,63,high_frequency,contra,102,99
56,1,60,low_frequency,bell,101,96
57,1,56,high_frequency,historia,102,91
58,1,71,low_frequency,baila,101,108
59,1,1,low_frequency,alli,101,40
60,1,27,low_frequency,activar,101,59
61,1,71,high_frequency,mejor,102,108
62,1,69,high_frequency,estado,102,105
63,1,37,low_frequency,africa,101,70
64,1,22,low_frequency,acusado,101,54
65,1,68,low_frequency,der,101,104
66,1,57,low_frequency,actas,101,92
67,1,75,low_frequency,eua,101,112
68,1,26,high_frequency,pasar,102,58
69,1,4,high_frequency,nuestras,102,73
70,1,36,high_frequency,realidad,102,69
71,1,66,low_frequency,ajena,101,102
72,1,35,high_frequency,incluso,102,68
73,1,30,high_frequency,sabe,102,63
74,1,67,low_frequency,aldea,101,103
75,1,9,high_frequency,debido,102,119
76,1,4,low_frequency,aseguro,101,73
77,1,38,low_frequency,asesino,101,71
78,1,62,high_frequency,casa,102,98
79,1,41,low_frequency,explico,101,75
80,1,44,low_frequency,aborto,101,78
81,1,59,high_frequency,mis,102,94
82,1,62,low_frequency,lara,101,98
83,1,20,low_frequency,alicia,101,52
84,1,68,high_frequency,mas,102,104
85,1,8,low_frequency,hong,101,117
86,1,33,low_frequency,amargo,101,66
87,1,29,low_frequency,angel,101,61
88,1,42,high_frequency,ante,102,76
89,1,12,high_frequency,libre,102,43
90,1,47,high_frequency,dentro,102,81
91,1,16,high_frequency,obra,102,47
92,1,3,high_frequency,voz,102,62
93,1,64,high_frequency,todas,102,100
94,1,17,low_frequency,baje,101,48
95,1,22,high_frequency,quieres,102,54
96,1,74,high_frequency,hacer,102,111
97,1,23,high_frequency,ello,102,55
98,1,47,low_frequency,amigas,101,81
99,1,73,high_frequency,nada,102,110
100,1,19,low_frequency,aula,101,50
101,1,63,low_frequency,consta,101,99
102,1,44,high_frequency,guerra,102,78
103,1,53,high_frequency,manera,102,88
104,1,57,high_frequency,veces,102,92
105,1,3,low_frequency,ahh,101,62
106,1,56,low_frequency,abogada,101,91
107,1,70,high_frequency,gente,102,107
108,1,40,high_frequency,siendo,102,74
109,1,33,high_frequency,seguro,102,66
110,1,28,low_frequency,borde,101,60
111,1,48,low_frequency,compré,101,82
112,1,23,low_frequency,odia,101,55
113,1,31,high_frequency,mano,102,64
114,1,38,high_frequency,derecho,102,71
115,1,60,high_frequency,toda,102,96
116,1,54,low_frequency,world,101,89
117,1,65,high_frequency,durante,102,101
118,1,76,high_frequency,porque,102,113
119,1,8,high_frequency,mayo,102,117
120,1,80,low_frequency,ray,101,118
121,1,21,low_frequency,adios,101,53
122,1,58,high_frequency,luego,102,93
123,1,12,low_frequency,apoya,101,43
124,1,29,high_frequency,cerca,102,61
125,1,55,low_frequency,cool,101,90
126,1,7,high_frequency,deja,102,106
127,1,52,low_frequency,rap,101,87
128,1,26,low_frequency,grita,101,58
129,1,64,low_frequency,hayas,101,100
130,1,9,low_frequency,angela,101,119
131,1,46,high_frequency,tenía,102,80
132,1,50,low_frequency,arts,101,85
133,1,66,high_frequency,antes,102,102
134,1,78,low_frequency,ram,101,115
135,1,53,low_frequency,arenas,101,88
136,1,76,low_frequency,admito,101,113
137,1,39,low_frequency,atenas,101,72
138,1,43,high_frequency,pasa,102,77
139,1,70,low_frequency,altar,101,107
140,1,28,high_frequency,padre,102,60
141,1,67,high_frequency,nunca,102,103
142,1,21,high_frequency,viene,102,53
143,1,37,high_frequency,mierda,102,70
144,1,54,high_frequency,según,102,89
145,1,18,low_frequency,miras,101,49
146,1,1,high_frequency,allá,102,40
147,1,25,high_frequency,veo,102,57
148,1,34,low_frequency,ademas,101,67
149,1,50,high_frequency,será,102,85
150,1,14,high_frequency,julio,102,45
151,1,80,high_frequency,las,102,118
152,1,24,high_frequency,dejar,102,56
153,1,74,low_frequency,atras,101,111
154,1,13,low_frequency,bebida,101,44
155,1,41,high_frequency,millones,102,75
156,1,27,high_frequency,segundo,102,59
157,1,16,low_frequency,azar,101,47
158,1,36,low_frequency,afueras,101,69
159,1,24,low_frequency,crece,101,56
160,1,5,high_frequency,deben,102,84
