word,freq_zipf,language,source,n_density,old20
一一,4.28,zh,wordfreq,260,1.0
一万,4.04,zh,wordfreq,253,1.0
一下,5.46,zh,wordfreq,306,1.0
一两,3.49,zh,wordfreq,238,1.0
一两个,3.73,zh,wordfreq,2,1.75
一串,3.61,zh,wordfreq,238,1.0
一举,3.86,zh,wordfreq,247,1.0
一人,4.56,zh,wordfreq,378,1.0
一位,5.28,zh,wordfreq,284,1.0
一八,3.32,zh,wordfreq,242,1.0
一分,4.18,zh,wordfreq,272,1.0
一匹,3.68,zh,wordfreq,239,1.0
一口,4.31,zh,wordfreq,275,1.0
一口气,3.97,zh,wordfreq,0,1.9
一名,5.15,zh,wordfreq,305,1.0
一团,3.89,zh,wordfreq,251,1.0
一地,3.43,zh,wordfreq,303,1.0
一块儿,3.56,zh,wordfreq,2,1.85
一处,4.33,zh,wordfreq,270,1.0
一夜,4.27,zh,wordfreq,251,1.0
一大早,3.55,zh,wordfreq,2,1.8
一年,5.18,zh,wordfreq,300,1.0
一年级,3.31,zh,wordfreq,1,1.8
一并,3.68,zh,wordfreq,241,1.0
一律,4.15,zh,wordfreq,245,1.0
一支,4.53,zh,wordfreq,245,1.0
一斤,3.4,zh,wordfreq,239,1.0
一旁,3.98,zh,wordfreq,241,1.0
一架,4.27,zh,wordfreq,249,1.0
一栋,3.78,zh,wordfreq,239,1.0
一样,5.75,zh,wordfreq,258,1.0
一棵树,3.36,zh,wordfreq,0,1.95
一概,3.59,zh,wordfreq,240,1.0
一款,4.43,zh,wordfreq,257,1.0
一步步,3.66,zh,wordfreq,0,1.9
一环,3.4,zh,wordfreq,244,1.0
一直,5.64,zh,wordfreq,241,1.0
一端,3.52,zh,wordfreq,254,1.0
一类,4.18,zh,wordfreq,257,1.0
一脚,3.83,zh,wordfreq,242,1.0
一般,5.52,zh,wordfreq,239,1.0
一艘,4.04,zh,wordfreq,240,1.0
一节,3.64,zh,wordfreq,254,1.0
一路上,3.69,zh,wordfreq,1,1.85
一辈,3.48,zh,wordfreq,241,1.0
一辈子,4.49,zh,wordfreq,4,1.7
一部分,5.03,zh,wordfreq,2,1.75
一首,4.29,zh,wordfreq,247,1.0
丁丁,3.36,zh,wordfreq,4,1.8
七岁,3.46,zh,wordfreq,31,1.0
万个,3.99,zh,wordfreq,67,1.0
万亿元,3.51,zh,wordfreq,1,1.8
万分,3.67,zh,wordfreq,64,1.0
万千瓦,3.31,zh,wordfreq,0,1.9
万岁,4.41,zh,wordfreq,43,1.0
万英镑,3.46,zh,wordfreq,0,1.95
万达,3.72,zh,wordfreq,44,1.0
万里,3.88,zh,wordfreq,75,1.0
三个,5.21,zh,wordfreq,106,1.0
三位,4.21,zh,wordfreq,115,1.0
三周,3.63,zh,wordfreq,78,1.0
三场,3.5,zh,wordfreq,122,1.0
三层,3.82,zh,wordfreq,90,1.0
三年级,3.41,zh,wordfreq,1,1.8
三支,3.34,zh,wordfreq,76,1.0
三方,3.76,zh,wordfreq,109,1.0
三级,4.33,zh,wordfreq,99,1.0
三重,3.59,zh,wordfreq,100,1.0
三面,3.49,zh,wordfreq,125,1.0
上个月,3.87,zh,wordfreq,3,1.85
上任,4.18,zh,wordfreq,107,1.0
上半场,3.38,zh,wordfreq,2,1.8
上场,3.94,zh,wordfreq,130,1.0
上市,4.81,zh,wordfreq,94,1.0
上映,4.16,zh,wordfreq,81,1.0
上校,4.01,zh,wordfreq,92,1.0
上楼,3.4,zh,wordfreq,88,1.0
上榜,3.54,zh,wordfreq,78,1.0
上瘾,3.66,zh,wordfreq,79,1.0
上级,4.49,zh,wordfreq,107,1.0
上船,3.35,zh,wordfreq,88,1.0
上课,4.28,zh,wordfreq,85,1.0
上身,3.59,zh,wordfreq,115,1.0
下体,3.4,zh,wordfreq,109,1.0
下午,5.01,zh,wordfreq,61,1.0
下周,3.92,zh,wordfreq,67,1.0
下水,3.85,zh,wordfreq,104,1.0
下注,3.58,zh,wordfreq,64,1.0
下级,4.12,zh,wordfreq,88,1.0
下设,3.75,zh,wordfreq,70,1.0
下限,3.52,zh,wordfreq,70,1.0
不上,5.34,zh,wordfreq,222,1.0
不下,3.94,zh,wordfreq,217,1.0
不予,3.77,zh,wordfreq,153,1.0
不争,3.33,zh,wordfreq,156,1.0
不停,4.57,zh,wordfreq,152,1.0
不像,4.23,zh,wordfreq,168,1.0
不到,5.28,zh,wordfreq,201,1.0
不善,3.63,zh,wordfreq,155,1.0
不堪,3.99,zh,wordfreq,150,1.0
不太好,3.75,zh,wordfreq,0,1.9
不好过,3.44,zh,wordfreq,1,1.8
不尽,3.48,zh,wordfreq,155,1.0
不幸,4.6,zh,wordfreq,154,1.0
不得,4.99,zh,wordfreq,181,1.0
不快,3.89,zh,wordfreq,161,1.0
不惜,4.01,zh,wordfreq,152,1.0
不慎,3.39,zh,wordfreq,151,1.0
不成,4.24,zh,wordfreq,192,1.0
不是,6.1,zh,wordfreq,186,1.0
不朽,3.64,zh,wordfreq,150,1.0
不清,3.47,zh,wordfreq,159,1.0
不管,5.07,zh,wordfreq,167,1.0
不能不,3.74,zh,wordfreq,1,1.9
不良,4.42,zh,wordfreq,152,1.0
不解,3.63,zh,wordfreq,171,1.0
不说,5.34,zh,wordfreq,179,1.0
不起眼,3.31,zh,wordfreq,0,1.95
不适,4.07,zh,wordfreq,152,1.0
不难,3.99,zh,wordfreq,166,1.0
与会者,3.52,zh,wordfreq,0,1.95
专制,4.33,zh,wordfreq,68,1.0
专场,3.63,zh,wordfreq,84,1.0
专案组,3.34,zh,wordfreq,0,1.95
专科,4.08,zh,wordfreq,45,1.0
专线,3.82,zh,wordfreq,71,1.0
专著,3.41,zh,wordfreq,42,1.0
专门,5.0,zh,wordfreq,76,1.0
世间,4.02,zh,wordfreq,33,1.0
业余,4.23,zh,wordfreq,14,1.3
业绩,4.35,zh,wordfreq,12,1.4
丛书,3.85,zh,wordfreq,26,1.0
东区,3.51,zh,wordfreq,77,1.0
东吴,3.31,zh,wordfreq,34,1.0
东岸,3.72,zh,wordfreq,46,1.0
东晋,3.65,zh,wordfreq,35,1.0
东西,5.63,zh,wordfreq,52,1.0
东道主,3.38,zh,wordfreq,0,2.0
丝毫,4.15,zh,wordfreq,3,1.85
丢人,3.65,zh,wordfreq,145,1.0
丢失,4.0,zh,wordfreq,16,1.2
两万,3.76,zh,wordfreq,93,1.0
两大,4.05,zh,wordfreq,134,1.0
两届,3.52,zh,wordfreq,85,1.0
两年,4.92,zh,wordfreq,140,1.0
两支,3.71,zh,wordfreq,85,1.0
两旁,3.47,zh,wordfreq,81,1.0
两条,4.13,zh,wordfreq,95,1.0
两样,3.81,zh,wordfreq,98,1.0
两款,3.57,zh,wordfreq,97,1.0
两步,3.36,zh,wordfreq,95,1.0
两者,4.53,zh,wordfreq,109,1.0
两院,3.52,zh,wordfreq,96,1.0
严惩,3.72,zh,wordfreq,11,1.45
严谨,4.02,zh,wordfreq,10,1.5
个数,3.58,zh,wordfreq,41,1.0
中专,3.4,zh,wordfreq,73,1.0
中东,4.46,zh,wordfreq,91,1.0
中共,5.12,zh,wordfreq,78,1.0
中南,3.87,zh,wordfreq,91,1.0
中国式,3.32,zh,wordfreq,4,1.7
中外,4.18,zh,wordfreq,103,1.0
中心,5.65,zh,wordfreq,125,1.0
中新社,3.33,zh,wordfreq,1,1.95
中新网,3.87,zh,wordfreq,2,1.9
中枢,3.56,zh,wordfreq,72,1.0
中毒,4.02,zh,wordfreq,84,1.0
中立,4.11,zh,wordfreq,93,1.0
中西,3.76,zh,wordfreq,90,1.0
中超,3.61,zh,wordfreq,74,1.0
中转,3.48,zh,wordfreq,85,1.0
丰富,5.04,zh,wordfreq,11,1.45
丹阳,3.31,zh,wordfreq,21,1.0
为名,4.06,zh,wordfreq,87,1.0
为国,4.62,zh,wordfreq,75,1.0
为民,3.8,zh,wordfreq,49,1.0
为荣,3.53,zh,wordfreq,24,1.0
主人,4.69,zh,wordfreq,184,1.0
主修,3.47,zh,wordfreq,53,1.0
主办,4.55,zh,wordfreq,59,1.0
主妇,3.65,zh,wordfreq,54,1.0
主意,4.23,zh,wordfreq,93,1.0
主管,4.66,zh,wordfreq,62,1.0
主要,5.82,zh,wordfreq,71,1.0
主题曲,3.88,zh,wordfreq,0,1.95
举世,3.4,zh,wordfreq,39,1.0
举手,3.69,zh,wordfreq,72,1.0
举措,4.17,zh,wordfreq,15,1.25
举证,3.32,zh,wordfreq,32,1.0
之作,3.41,zh,wordfreq,78,1.0
之光,3.58,zh,wordfreq,72,1.0
之分,3.48,zh,wordfreq,81,1.0
之前,5.45,zh,wordfreq,73,1.0
之名,4.05,zh,wordfreq,114,1.0
之声,4.35,zh,wordfreq,75,1.0
之风,3.35,zh,wordfreq,68,1.0
乌托邦,3.73,zh,wordfreq,0,2.0
乌拉圭,3.86,zh,wordfreq,1,1.9
乏力,3.46,zh,wordfreq,72,1.0
乐意,3.95,zh,wordfreq,63,1.0
乐曲,3.62,zh,wordfreq,24,1.0
乒乓,3.37,zh,wordfreq,0,1.95
乔治,4.37,zh,wordfreq,16,1.15
乔治亚,3.53,zh,wordfreq,0,1.95
九龙,4.0,zh,wordfreq,24,1.0
也门,4.11,zh,wordfreq,48,1.0
习惯,5.01,zh,wordfreq,2,1.85
习惯于,3.41,zh,wordfreq,0,1.95
书上,3.68,zh,wordfreq,93,1.0
书展,3.37,zh,wordfreq,33,1.0
书房,3.79,zh,wordfreq,40,1.0
书画,3.57,zh,wordfreq,33,1.0
书籍,4.62,zh,wordfreq,27,1.0
买个,3.48,zh,wordfreq,50,1.0
乱说,3.41,zh,wordfreq,33,1.0
争执,3.99,zh,wordfreq,12,1.4
事事,3.57,zh,wordfreq,76,1.0
事件,5.5,zh,wordfreq,47,1.0
事例,3.69,zh,wordfreq,34,1.0
事前,3.82,zh,wordfreq,46,1.0
事务部,3.35,zh,wordfreq,2,1.85
事宜,4.08,zh,wordfreq,23,1.0
事是,4.77,zh,wordfreq,57,1.0
二人,4.4,zh,wordfreq,168,1.0
二元,3.51,zh,wordfreq,43,1.0
二是,3.86,zh,wordfreq,65,1.0
二者,3.93,zh,wordfreq,59,1.0
二路,3.38,zh,wordfreq,63,1.0
亏损,4.24,zh,wordfreq,5,1.75
云层,3.43,zh,wordfreq,27,1.0
互换,3.59,zh,wordfreq,20,1.0
互补,3.71,zh,wordfreq,16,1.2
五号,3.48,zh,wordfreq,57,1.0
五天,3.86,zh,wordfreq,74,1.0
井冈山,3.52,zh,wordfreq,0,2.0
亚历,3.72,zh,wordfreq,21,1.0
亚洲,5.22,zh,wordfreq,18,1.1
些许,3.57,zh,wordfreq,11,1.45
亡国,3.42,zh,wordfreq,56,1.0
交出,4.0,zh,wordfreq,113,1.0
交往,4.44,zh,wordfreq,48,1.0
交换机,3.44,zh,wordfreq,0,1.95
交由,3.78,zh,wordfreq,43,1.0
交警,3.75,zh,wordfreq,44,1.0
交谈,4.28,zh,wordfreq,44,1.0
交集,3.48,zh,wordfreq,57,1.0
产业链,3.61,zh,wordfreq,2,1.85
产卵,3.4,zh,wordfreq,14,1.3
产品,5.56,zh,wordfreq,41,1.0
产权,4.04,zh,wordfreq,45,1.0
京沪,3.31,zh,wordfreq,6,1.7
亲属,4.14,zh,wordfreq,35,1.0
亲情,3.73,zh,wordfreq,64,1.0
亲眼,3.79,zh,wordfreq,31,1.0
亲自,4.6,zh,wordfreq,31,1.0
亲身,3.99,zh,wordfreq,58,1.0
人以,5.12,zh,wordfreq,87,1.0
人偶,3.51,zh,wordfreq,71,1.0
人均,4.46,zh,wordfreq,72,1.0
人士,5.21,zh,wordfreq,96,1.0
人寿,3.64,zh,wordfreq,69,1.0
人有,5.48,zh,wordfreq,137,1.0
人流,3.54,zh,wordfreq,93,1.0
人用,4.99,zh,wordfreq,135,1.0
人能,4.17,zh,wordfreq,101,1.0
人行,3.38,zh,wordfreq,132,1.0
人行道,3.8,zh,wordfreq,0,1.95
人间,4.41,zh,wordfreq,90,1.0
仅仅,4.74,zh,wordfreq,6,1.65
仅剩,3.41,zh,wordfreq,5,1.75
仅存,3.61,zh,wordfreq,20,1.0
仆人,3.94,zh,wordfreq,140,1.0
今儿,3.52,zh,wordfreq,33,1.0
仍然,5.16,zh,wordfreq,30,1.0
从未,4.63,zh,wordfreq,20,1.0
仕途,3.39,zh,wordfreq,7,1.65
他俩,3.74,zh,wordfreq,11,1.45
他来,5.25,zh,wordfreq,62,1.0
付款,4.07,zh,wordfreq,23,1.0
代价,4.6,zh,wordfreq,42,1.0
代办,3.4,zh,wordfreq,26,1.0
代理人,3.85,zh,wordfreq,3,1.8
以为,5.27,zh,wordfreq,65,1.0
以太,3.52,zh,wordfreq,29,1.0
以此,4.38,zh,wordfreq,36,1.0
以至于,3.96,zh,wordfreq,1,1.85
以防,3.82,zh,wordfreq,28,1.0
价位,3.6,zh,wordfreq,49,1.0
价值,5.35,zh,wordfreq,18,1.05
价钱,4.28,zh,wordfreq,27,1.0
任性,3.67,zh,wordfreq,58,1.0
任职,4.47,zh,wordfreq,32,1.0
仿制,3.36,zh,wordfreq,41,1.0
伏击,3.44,zh,wordfreq,26,1.0
休息,4.73,zh,wordfreq,18,1.05
休息室,3.49,zh,wordfreq,0,1.95
优于,3.64,zh,wordfreq,67,1.0
优先,4.6,zh,wordfreq,28,1.0
优异,3.97,zh,wordfreq,27,1.0
会以,5.04,zh,wordfreq,42,1.0
会员国,3.33,zh,wordfreq,1,1.9
会晤,4.13,zh,wordfreq,23,1.0
会计,4.34,zh,wordfreq,37,1.0
会馆,3.66,zh,wordfreq,31,1.0
伟哥,3.58,zh,wordfreq,11,1.45
传授,3.94,zh,wordfreq,33,1.0
传真,3.86,zh,wordfreq,39,1.0
传票,3.52,zh,wordfreq,49,1.0
传统,5.43,zh,wordfreq,38,1.0
传送,4.22,zh,wordfreq,42,1.0
传递,4.59,zh,wordfreq,33,1.0
传遍,3.41,zh,wordfreq,34,1.0
伤者,3.76,zh,wordfreq,43,1.0
伯格,3.83,zh,wordfreq,22,1.0
伴奏,3.61,zh,wordfreq,7,1.65
伸张,3.35,zh,wordfreq,20,1.0
但是,5.85,zh,wordfreq,38,1.0
低于,4.43,zh,wordfreq,70,1.0
低价,3.9,zh,wordfreq,50,1.0
低劣,3.46,zh,wordfreq,22,1.0
低潮,3.48,zh,wordfreq,27,1.0
住处,3.91,zh,wordfreq,41,1.0
住民,3.35,zh,wordfreq,38,1.0
体育场,4.06,zh,wordfreq,1,1.9
体能,3.6,zh,wordfreq,56,1.0
体裁,3.45,zh,wordfreq,27,1.0
体验,4.83,zh,wordfreq,31,1.0
何处,4.08,zh,wordfreq,47,1.0
何方,3.69,zh,wordfreq,55,1.0
何种,3.81,zh,wordfreq,44,1.0
余震,3.34,zh,wordfreq,9,1.55
佛教,4.5,zh,wordfreq,24,1.0
作坊,3.48,zh,wordfreq,25,1.0
作战,4.76,zh,wordfreq,61,1.0
作法,4.04,zh,wordfreq,68,1.0
佣金,3.66,zh,wordfreq,18,1.1
佩戴,3.65,zh,wordfreq,3,1.85
佳人,3.44,zh,wordfreq,143,1.0
佳节,3.35,zh,wordfreq,19,1.05
使劲,3.78,zh,wordfreq,12,1.4
使馆,4.15,zh,wordfreq,16,1.15
侄女,3.53,zh,wordfreq,21,1.0
例如,5.26,zh,wordfreq,15,1.25
依法,4.63,zh,wordfreq,55,1.0
侥幸,3.34,zh,wordfreq,5,1.75
侦察,3.98,zh,wordfreq,12,1.35
侦测,3.7,zh,wordfreq,13,1.35
侵害,4.21,zh,wordfreq,27,1.0
便是,4.53,zh,wordfreq,45,1.0
俄军,3.46,zh,wordfreq,33,1.0
俄语,4.05,zh,wordfreq,32,1.0
保存,4.68,zh,wordfreq,45,1.0
保守党,3.58,zh,wordfreq,1,1.9
保定,3.85,zh,wordfreq,81,1.0
保管,3.94,zh,wordfreq,47,1.0
保障,4.97,zh,wordfreq,33,1.0
信不信,3.51,zh,wordfreq,0,2.0
信众,3.36,zh,wordfreq,33,1.0
信服,3.43,zh,wordfreq,39,1.0
信用,4.45,zh,wordfreq,89,1.0
信誉,4.07,zh,wordfreq,27,1.0
修养,3.84,zh,wordfreq,34,1.0
修筑,3.72,zh,wordfreq,21,1.0
修行,3.93,zh,wordfreq,83,1.0
俱乐部,4.81,zh,wordfreq,0,2.0
倒计时,3.44,zh,wordfreq,0,1.95
倒车,3.36,zh,wordfreq,55,1.0
借款,4.1,zh,wordfreq,30,1.0
借用,3.98,zh,wordfreq,78,1.0
借给,3.6,zh,wordfreq,37,1.0
假冒,3.76,zh,wordfreq,16,1.2
假期,4.35,zh,wordfreq,50,1.0
假象,3.61,zh,wordfreq,31,1.0
假货,3.34,zh,wordfreq,31,1.0
偏向,3.89,zh,wordfreq,46,1.0
偏执,3.5,zh,wordfreq,14,1.3
偏见,4.14,zh,wordfreq,41,1.0
做个,4.0,zh,wordfreq,55,1.0
做好,4.69,zh,wordfreq,56,1.0
做客,3.42,zh,wordfreq,33,1.0
停电,3.87,zh,wordfreq,40,1.0
停职,3.49,zh,wordfreq,40,1.0
健全,4.26,zh,wordfreq,11,1.45
健身房,3.66,zh,wordfreq,0,1.95
偶像,4.43,zh,wordfreq,21,1.0
偷盗,3.34,zh,wordfreq,14,1.3
偷窥,3.41,zh,wordfreq,10,1.5
傍晚,3.96,zh,wordfreq,9,1.55
催化剂,3.62,zh,wordfreq,0,1.95
催眠,3.78,zh,wordfreq,5,1.75
儿媳,3.49,zh,wordfreq,5,1.7
元件,3.78,zh,wordfreq,37,1.0
兄弟,5.07,zh,wordfreq,8,1.55
充实,4.12,zh,wordfreq,35,1.0
先例,3.72,zh,wordfreq,29,1.0
先河,3.32,zh,wordfreq,28,1.0
光亮,3.63,zh,wordfreq,41,1.0
光华,3.47,zh,wordfreq,52,1.0
光学,4.04,zh,wordfreq,70,1.0
光照,3.49,zh,wordfreq,51,1.0
光盘,3.77,zh,wordfreq,48,1.0
光碟,3.41,zh,wordfreq,34,1.0
光线,4.07,zh,wordfreq,73,1.0
克服,4.37,zh,wordfreq,27,1.0
免得,3.85,zh,wordfreq,40,1.0
免税,3.64,zh,wordfreq,17,1.15
兑换,4.2,zh,wordfreq,11,1.45
党员,4.78,zh,wordfreq,39,1.0
党性,3.36,zh,wordfreq,60,1.0
党报,3.44,zh,wordfreq,47,1.0
党校,3.75,zh,wordfreq,30,1.0
入住,3.9,zh,wordfreq,42,1.0
入关,3.54,zh,wordfreq,37,1.0
入狱,4.07,zh,wordfreq,26,1.0
入门,3.84,zh,wordfreq,65,1.0
全党,3.38,zh,wordfreq,58,1.0
全境,3.76,zh,wordfreq,70,1.0
全年,4.37,zh,wordfreq,114,1.0
全校,3.56,zh,wordfreq,67,1.0
全程,4.2,zh,wordfreq,77,1.0
全美,3.97,zh,wordfreq,73,1.0
全裸,3.45,zh,wordfreq,53,1.0
全部,5.28,zh,wordfreq,98,1.0
全额,3.49,zh,wordfreq,66,1.0
八路军,3.82,zh,wordfreq,0,2.0
公义,3.74,zh,wordfreq,80,1.0
公元,4.34,zh,wordfreq,77,1.0
公元前,4.22,zh,wordfreq,0,1.95
公布,5.14,zh,wordfreq,74,1.0
公开赛,3.58,zh,wordfreq,1,1.85
公投,3.92,zh,wordfreq,62,1.0
公斤,4.52,zh,wordfreq,63,1.0
公款,3.54,zh,wordfreq,81,1.0
公演,3.33,zh,wordfreq,74,1.0
公积金,3.87,zh,wordfreq,0,2.0
公鸡,3.45,zh,wordfreq,68,1.0
六名,3.59,zh,wordfreq,87,1.0
六日,3.48,zh,wordfreq,60,1.0
六月,4.42,zh,wordfreq,41,1.0
兰州,4.16,zh,wordfreq,36,1.0
兰斯,3.41,zh,wordfreq,45,1.0
共产党,5.05,zh,wordfreq,1,1.9
共存,3.75,zh,wordfreq,34,1.0
共度,3.38,zh,wordfreq,66,1.0
共用,3.78,zh,wordfreq,85,1.0
关东,3.56,zh,wordfreq,48,1.0
关押,3.91,zh,wordfreq,32,1.0
关系,5.69,zh,wordfreq,36,1.0
关节,3.85,zh,wordfreq,45,1.0
关西,3.55,zh,wordfreq,47,1.0
关门,4.08,zh,wordfreq,74,1.0
兴国,3.61,zh,wordfreq,66,1.0
兵营,3.35,zh,wordfreq,18,1.1
其他人,4.71,zh,wordfreq,0,1.9
其余,4.57,zh,wordfreq,20,1.0
养子,3.36,zh,wordfreq,180,1.0
养成,4.08,zh,wordfreq,51,1.0
兼具,3.43,zh,wordfreq,24,1.0
兼顾,3.9,zh,wordfreq,12,1.4
内含,3.6,zh,wordfreq,36,1.0
内外,4.31,zh,wordfreq,63,1.0
内容,5.63,zh,wordfreq,48,1.0
内有,3.82,zh,wordfreq,101,1.0
内科,3.49,zh,wordfreq,46,1.0
内置,3.7,zh,wordfreq,46,1.0
再婚,3.44,zh,wordfreq,23,1.0
再度,4.59,zh,wordfreq,62,1.0
冒烟,3.37,zh,wordfreq,10,1.5
冒犯,4.0,zh,wordfreq,12,1.4
写道,4.15,zh,wordfreq,53,1.0
军政,3.74,zh,wordfreq,50,1.0
军方,4.39,zh,wordfreq,71,1.0
军舰,4.02,zh,wordfreq,33,1.0
军装,3.59,zh,wordfreq,53,1.0
农业部,3.84,zh,wordfreq,0,1.95
农家,3.53,zh,wordfreq,86,1.0
农村,5.15,zh,wordfreq,21,1.0
冠以,3.43,zh,wordfreq,20,1.0
冠军赛,3.34,zh,wordfreq,0,1.95
冰块,3.51,zh,wordfreq,20,1.0
冰岛,3.93,zh,wordfreq,19,1.05
冰雪,3.76,zh,wordfreq,13,1.35
冲撞,3.45,zh,wordfreq,16,1.2
冲着,3.65,zh,wordfreq,51,1.0
决策,4.69,zh,wordfreq,14,1.25
冷漠,3.99,zh,wordfreq,14,1.3
冷笑,3.5,zh,wordfreq,24,1.0
冷静,4.36,zh,wordfreq,19,1.05
冻死,3.41,zh,wordfreq,26,1.0
冻结,4.18,zh,wordfreq,16,1.2
凄惨,3.37,zh,wordfreq,3,1.85
凉爽,3.66,zh,wordfreq,4,1.8
凝固,3.48,zh,wordfreq,9,1.55
几十个,3.56,zh,wordfreq,2,1.75
几十年,4.2,zh,wordfreq,10,1.35
几只,3.53,zh,wordfreq,36,1.0
几名,3.69,zh,wordfreq,99,1.0
几天,5.0,zh,wordfreq,79,1.0
几家,3.81,zh,wordfreq,101,1.0
几种,4.06,zh,wordfreq,61,1.0
几秒钟,3.32,zh,wordfreq,1,1.85
几近,3.46,zh,wordfreq,47,1.0
凯旋,3.54,zh,wordfreq,10,1.5
凯特,3.79,zh,wordfreq,34,1.0
出乎,3.34,zh,wordfreq,85,1.0
出产,3.75,zh,wordfreq,102,1.0
出入境,3.58,zh,wordfreq,1,1.8
出卖,4.29,zh,wordfreq,84,1.0
出台,4.41,zh,wordfreq,104,1.0
出奇,3.41,zh,wordfreq,87,1.0
出来,5.68,zh,wordfreq,131,1.0
出没,3.57,zh,wordfreq,80,1.0
出海,3.78,zh,wordfreq,102,1.0
出线,3.48,zh,wordfreq,117,1.0
出自,4.27,zh,wordfreq,88,1.0
出访,3.92,zh,wordfreq,89,1.0
出错,3.82,zh,wordfreq,88,1.0
出门,4.49,zh,wordfreq,122,1.0
出马,3.33,zh,wordfreq,101,1.0
击溃,3.66,zh,wordfreq,9,1.55
分化,4.15,zh,wordfreq,96,1.0
分子,4.79,zh,wordfreq,228,1.0
分层,3.34,zh,wordfreq,77,1.0
分心,3.4,zh,wordfreq,109,1.0
分析师,3.99,zh,wordfreq,0,1.95
分流,3.82,zh,wordfreq,81,1.0
分裂,4.58,zh,wordfreq,61,1.0
分身,3.56,zh,wordfreq,94,1.0
分辨率,3.67,zh,wordfreq,0,1.95
切断,4.14,zh,wordfreq,25,1.0
刑警,3.48,zh,wordfreq,14,1.3
刑部,3.76,zh,wordfreq,51,1.0
列表,4.24,zh,wordfreq,19,1.05
刘家,3.34,zh,wordfreq,72,1.0
刚才,4.85,zh,wordfreq,12,1.4
刚果,3.89,zh,wordfreq,20,1.0
创下,3.95,zh,wordfreq,81,1.0
创业,4.63,zh,wordfreq,47,1.0
创业板,3.41,zh,wordfreq,1,1.9
初一,3.56,zh,wordfreq,37,1.0
初期,4.63,zh,wordfreq,50,1.0
判例,3.42,zh,wordfreq,20,1.0
利好,3.48,zh,wordfreq,51,1.0
利弊,3.32,zh,wordfreq,15,1.25
利润,4.72,zh,wordfreq,15,1.2
利物浦,3.92,zh,wordfreq,0,2.0
别名,3.76,zh,wordfreq,78,1.0
别墅,4.19,zh,wordfreq,11,1.45
到头,3.41,zh,wordfreq,83,1.0
到期,3.85,zh,wordfreq,45,1.0
到来,4.65,zh,wordfreq,64,1.0
到达,4.7,zh,wordfreq,24,1.0
制订,4.21,zh,wordfreq,22,1.0
制造者,3.34,zh,wordfreq,4,1.75
刹车,3.71,zh,wordfreq,48,1.0
刻意,4.05,zh,wordfreq,53,1.0
前两天,3.38,zh,wordfreq,1,1.85
前人,4.87,zh,wordfreq,176,1.0
前卫,3.49,zh,wordfreq,46,1.0
前妻,3.64,zh,wordfreq,40,1.0
前导,3.46,zh,wordfreq,54,1.0
前期,4.26,zh,wordfreq,71,1.0
前者,4.38,zh,wordfreq,67,1.0
前行,3.89,zh,wordfreq,100,1.0
剑桥,3.67,zh,wordfreq,6,1.7
剔除,3.55,zh,wordfreq,17,1.15
副本,3.78,zh,wordfreq,24,1.0
割断,3.44,zh,wordfreq,18,1.1
力学,4.02,zh,wordfreq,45,1.0
力气,4.13,zh,wordfreq,50,1.0
办公,4.35,zh,wordfreq,14,1.1
办公室,5.07,zh,wordfreq,3,1.75
办公楼,3.66,zh,wordfreq,3,1.8
办好,3.65,zh,wordfreq,45,1.0
功勋,3.55,zh,wordfreq,11,1.45
加之,3.83,zh,wordfreq,37,1.0
加密,4.09,zh,wordfreq,48,1.0
加工厂,3.4,zh,wordfreq,0,1.9
加拉,3.32,zh,wordfreq,66,1.0
加拿大,5.13,zh,wordfreq,0,1.95
加油,4.66,zh,wordfreq,45,1.0
加热,4.04,zh,wordfreq,42,1.0
加装,3.55,zh,wordfreq,56,1.0
动植物,3.73,zh,wordfreq,0,1.9
动脉,3.63,zh,wordfreq,30,1.0
动静,3.79,zh,wordfreq,33,1.0
助手,4.27,zh,wordfreq,63,1.0
助教,3.41,zh,wordfreq,23,1.0
努力,5.38,zh,wordfreq,71,1.0
劳动力,4.49,zh,wordfreq,1,1.8
劳动者,3.95,zh,wordfreq,1,1.9
劳改,3.39,zh,wordfreq,12,1.4
勃起,3.71,zh,wordfreq,32,1.0
勘测,3.43,zh,wordfreq,12,1.4
募款,3.51,zh,wordfreq,21,1.0
匆匆,3.78,zh,wordfreq,1,1.95
匕首,3.61,zh,wordfreq,9,1.55
化妆,4.01,zh,wordfreq,14,1.25
化成,3.36,zh,wordfreq,56,1.0
化解,4.12,zh,wordfreq,35,1.0
北京市,4.54,zh,wordfreq,1,1.9
北极,3.78,zh,wordfreq,36,1.0
北海,3.66,zh,wordfreq,53,1.0
北门,3.48,zh,wordfreq,73,1.0
匪徒,3.46,zh,wordfreq,9,1.55
区划,4.02,zh,wordfreq,15,1.25
区别,4.93,zh,wordfreq,27,1.0
区长,3.58,zh,wordfreq,78,1.0
十一月,4.07,zh,wordfreq,4,1.65
十万,3.88,zh,wordfreq,42,1.0
十九,4.3,zh,wordfreq,28,1.0
十五岁,3.45,zh,wordfreq,5,1.6
十几个,3.68,zh,wordfreq,3,1.75
十分,5.23,zh,wordfreq,61,1.0
十周年,3.37,zh,wordfreq,12,1.3
十字军,3.58,zh,wordfreq,1,1.9
千人,3.79,zh,wordfreq,153,1.0
千克,3.54,zh,wordfreq,46,1.0
千叶,3.41,zh,wordfreq,17,1.15
千年,4.26,zh,wordfreq,75,1.0
千里,3.98,zh,wordfreq,58,1.0
升值,3.65,zh,wordfreq,28,1.0
升降,3.69,zh,wordfreq,18,1.1
半场,3.34,zh,wordfreq,64,1.0
半岛,4.52,zh,wordfreq,22,1.0
华为,4.15,zh,wordfreq,61,1.0
华丽,4.05,zh,wordfreq,23,1.0
华纳,3.58,zh,wordfreq,28,1.0
协办,3.45,zh,wordfreq,25,1.0
卑鄙,3.83,zh,wordfreq,2,1.9
单一,4.47,zh,wordfreq,44,1.0
单位,5.56,zh,wordfreq,68,1.0
单元,4.29,zh,wordfreq,37,1.0
卖力,3.5,zh,wordfreq,80,1.0
卖命,3.35,zh,wordfreq,28,1.0
卖掉,3.95,zh,wordfreq,27,1.0
南京市,3.86,zh,wordfreq,1,1.9
南侧,3.72,zh,wordfreq,45,1.0
南北朝,3.61,zh,wordfreq,0,1.9
南县,3.4,zh,wordfreq,39,1.0
博客,4.63,zh,wordfreq,26,1.0
博拉,3.44,zh,wordfreq,43,1.0
博物,3.39,zh,wordfreq,45,1.0
占用,3.98,zh,wordfreq,71,1.0
卡利,3.52,zh,wordfreq,56,1.0
卡卡,3.68,zh,wordfreq,18,1.1
卡塔,3.65,zh,wordfreq,18,1.05
卡特,4.14,zh,wordfreq,40,1.0
卢比,3.85,zh,wordfreq,20,1.0
卫星,4.74,zh,wordfreq,33,1.0
即使,5.14,zh,wordfreq,20,1.0
即便,4.44,zh,wordfreq,17,1.15
即兴,3.68,zh,wordfreq,16,1.2
即日起,3.42,zh,wordfreq,0,1.95
卷入,3.98,zh,wordfreq,63,1.0
卸载,3.58,zh,wordfreq,17,1.15
厂房,3.89,zh,wordfreq,23,1.0
历史系,3.33,zh,wordfreq,1,1.9
历经,4.16,zh,wordfreq,26,1.0
压榨,3.4,zh,wordfreq,8,1.6
厌倦,3.92,zh,wordfreq,3,1.85
厌烦,3.76,zh,wordfreq,5,1.75
厚重,3.55,zh,wordfreq,32,1.0
原先,4.23,zh,wordfreq,43,1.0
原创,4.38,zh,wordfreq,37,1.0
原因,5.45,zh,wordfreq,38,1.0
原材料,3.82,zh,wordfreq,0,1.9
厨艺,3.36,zh,wordfreq,12,1.4
县委,4.18,zh,wordfreq,20,1.0
参加,5.57,zh,wordfreq,32,1.0
参加者,3.46,zh,wordfreq,2,1.85
参战,3.91,zh,wordfreq,57,1.0
参政,3.67,zh,wordfreq,37,1.0
参数,4.47,zh,wordfreq,49,1.0
参谋长,3.84,zh,wordfreq,0,1.95
及早,3.53,zh,wordfreq,12,1.4
双倍,3.56,zh,wordfreq,26,1.0
双眼,4.15,zh,wordfreq,30,1.0
双语,3.82,zh,wordfreq,48,1.0
反倒,3.92,zh,wordfreq,45,1.0
反击,4.39,zh,wordfreq,61,1.0
反制,3.39,zh,wordfreq,72,1.0
反对者,3.55,zh,wordfreq,2,1.85
反攻,3.66,zh,wordfreq,39,1.0
反映,4.93,zh,wordfreq,39,1.0
反问,3.47,zh,wordfreq,53,1.0
反革命,4.01,zh,wordfreq,1,1.9
反驳,4.15,zh,wordfreq,35,1.0
发声,4.33,zh,wordfreq,82,1.0
发怒,3.51,zh,wordfreq,57,1.0
发挥,4.95,zh,wordfreq,55,1.0
发电机,4.1,zh,wordfreq,2,1.8
发病率,3.34,zh,wordfreq,0,1.95
发短信,3.56,zh,wordfreq,0,1.95
发自,3.47,zh,wordfreq,65,1.0
发言人,4.48,zh,wordfreq,4,1.75
发誓,3.93,zh,wordfreq,55,1.0
发起,4.76,zh,wordfreq,86,1.0
取向,3.79,zh,wordfreq,50,1.0
受众,3.71,zh,wordfreq,37,1.0
受体,3.48,zh,wordfreq,77,1.0
受害人,4.02,zh,wordfreq,2,1.75
受损,4.11,zh,wordfreq,30,1.0
受罚,3.39,zh,wordfreq,31,1.0
受限,3.44,zh,wordfreq,38,1.0
变化,5.33,zh,wordfreq,61,1.0
变压器,3.63,zh,wordfreq,0,2.0
变相,3.69,zh,wordfreq,32,1.0
变迁,4.27,zh,wordfreq,24,1.0
叙利亚,4.63,zh,wordfreq,1,1.9
叛变,3.77,zh,wordfreq,23,1.0
口水,3.5,zh,wordfreq,67,1.0
口罩,3.99,zh,wordfreq,24,1.0
口述,3.57,zh,wordfreq,40,1.0
古物,3.34,zh,wordfreq,52,1.0
另一半,3.73,zh,wordfreq,4,1.75
另有,4.11,zh,wordfreq,72,1.0
另行,3.53,zh,wordfreq,67,1.0
只不过,4.61,zh,wordfreq,0,1.95
只得,3.84,zh,wordfreq,45,1.0
只是,5.69,zh,wordfreq,50,1.0
只求,3.39,zh,wordfreq,31,1.0
叫好,3.4,zh,wordfreq,44,1.0
可乐,3.97,zh,wordfreq,48,1.0
可信度,3.62,zh,wordfreq,0,1.95
可可,3.83,zh,wordfreq,42,1.0
可怕,4.8,zh,wordfreq,42,1.0
可行,4.15,zh,wordfreq,98,1.0
可见,4.72,zh,wordfreq,63,1.0
台北市,3.77,zh,wordfreq,2,1.85
台南,3.72,zh,wordfreq,36,1.0
台长,3.38,zh,wordfreq,86,1.0
台风,4.33,zh,wordfreq,38,1.0
史密斯,4.02,zh,wordfreq,0,2.0
史蒂夫,3.57,zh,wordfreq,1,1.95
叶子,3.84,zh,wordfreq,173,1.0
司马,3.75,zh,wordfreq,28,1.0
叹气,3.54,zh,wordfreq,43,1.0
吃惊,4.02,zh,wordfreq,10,1.5
吃醋,3.47,zh,wordfreq,9,1.55
各国,5.06,zh,wordfreq,81,1.0
各方,4.21,zh,wordfreq,66,1.0
各有,3.81,zh,wordfreq,95,1.0
各样,3.34,zh,wordfreq,46,1.0
各级,4.42,zh,wordfreq,56,1.0
合唱团,3.73,zh,wordfreq,0,1.95
合理,4.8,zh,wordfreq,64,1.0
合理化,3.49,zh,wordfreq,1,1.9
合肥,4.04,zh,wordfreq,25,1.0
吉利,3.89,zh,wordfreq,53,1.0
同一个,4.38,zh,wordfreq,2,1.8
同乡,3.45,zh,wordfreq,43,1.0
同仁,3.61,zh,wordfreq,38,1.0
同伙,3.5,zh,wordfreq,42,1.0
同时,5.79,zh,wordfreq,77,1.0
同比,4.22,zh,wordfreq,54,1.0
名为,4.64,zh,wordfreq,77,1.0
名古屋,3.49,zh,wordfreq,0,2.0
名城,3.4,zh,wordfreq,58,1.0
名堂,3.32,zh,wordfreq,46,1.0
名录,3.72,zh,wordfreq,44,1.0
名流,3.59,zh,wordfreq,59,1.0
名牌,4.03,zh,wordfreq,49,1.0
名额,4.09,zh,wordfreq,48,1.0
后卫,3.78,zh,wordfreq,38,1.0
后果,4.66,zh,wordfreq,44,1.0
后面,4.87,zh,wordfreq,84,1.0
向东,3.71,zh,wordfreq,28,1.0
向导,3.64,zh,wordfreq,27,1.0
向日葵,3.36,zh,wordfreq,0,2.0
向阳,3.45,zh,wordfreq,26,1.0
吓人,3.82,zh,wordfreq,143,1.0
吞并,3.51,zh,wordfreq,4,1.8
否决,4.04,zh,wordfreq,12,1.4
含有,4.48,zh,wordfreq,73,1.0
听众,4.1,zh,wordfreq,24,1.0
吸取,3.8,zh,wordfreq,37,1.0
吸烟,4.02,zh,wordfreq,18,1.1
吸食,3.32,zh,wordfreq,27,1.0
吹嘘,3.56,zh,wordfreq,1,1.95
呈现,4.72,zh,wordfreq,12,1.35
告白,3.75,zh,wordfreq,24,1.0
周一,4.16,zh,wordfreq,41,1.0
周密,3.44,zh,wordfreq,33,1.0
周期,4.54,zh,wordfreq,54,1.0
呼叫,3.84,zh,wordfreq,11,1.45
呼吸道,3.53,zh,wordfreq,0,1.95
呼唤,4.0,zh,wordfreq,9,1.55
命运,4.84,zh,wordfreq,25,1.0
和谐,4.63,zh,wordfreq,10,1.5
咒骂,3.45,zh,wordfreq,2,1.9
咖啡厅,3.37,zh,wordfreq,3,2.1
咖啡店,3.67,zh,wordfreq,3,1.8
品位,3.56,zh,wordfreq,54,1.0
哈利波,3.52,zh,wordfreq,0,1.95
哈萨克,3.89,zh,wordfreq,0,1.9
哎哟,3.67,zh,wordfreq,1,1.95
哪个,4.95,zh,wordfreq,45,1.0
哪儿,4.56,zh,wordfreq,33,1.0
哪怕,4.12,zh,wordfreq,16,1.2
哪有,3.9,zh,wordfreq,77,1.0
唐太宗,3.38,zh,wordfreq,0,2.0
唐纳德,3.41,zh,wordfreq,0,2.0
商业化,3.49,zh,wordfreq,4,1.75
商会,3.89,zh,wordfreq,74,1.0
商务部,3.7,zh,wordfreq,1,1.9
商品,4.95,zh,wordfreq,49,1.0
商船,3.35,zh,wordfreq,33,1.0
商量,4.12,zh,wordfreq,63,1.0
喂养,3.48,zh,wordfreq,17,1.15
善用,3.45,zh,wordfreq,73,1.0
喇嘛,3.8,zh,wordfreq,2,1.9
喘气,3.36,zh,wordfreq,43,1.0
喝茶,3.96,zh,wordfreq,7,1.65
喝酒,4.36,zh,wordfreq,12,1.4
喷泉,3.63,zh,wordfreq,9,1.55
嗓子,3.53,zh,wordfreq,173,1.0
嘈杂,3.42,zh,wordfreq,3,1.85
嘉宾,4.17,zh,wordfreq,7,1.65
嘉年华,3.7,zh,wordfreq,0,1.95
四中,3.33,zh,wordfreq,80,1.0
四名,3.9,zh,wordfreq,99,1.0
四周,4.22,zh,wordfreq,41,1.0
四天,3.78,zh,wordfreq,79,1.0
四日,3.45,zh,wordfreq,72,1.0
四百,3.63,zh,wordfreq,43,1.0
四肢,3.7,zh,wordfreq,33,1.0
回信,3.52,zh,wordfreq,58,1.0
回升,3.81,zh,wordfreq,41,1.0
回应,4.73,zh,wordfreq,49,1.0
回归,4.62,zh,wordfreq,36,1.0
因素,4.98,zh,wordfreq,15,1.25
园艺,3.55,zh,wordfreq,13,1.35
困惑,4.08,zh,wordfreq,7,1.65
围住,3.33,zh,wordfreq,34,1.0
围困,3.47,zh,wordfreq,14,1.3
围城,3.63,zh,wordfreq,36,1.0
围墙,3.97,zh,wordfreq,16,1.2
围着,3.67,zh,wordfreq,49,1.0
围绕,4.65,zh,wordfreq,14,1.3
固执,3.86,zh,wordfreq,9,1.55
国会,4.77,zh,wordfreq,93,1.0
国徽,3.43,zh,wordfreq,42,1.0
国情,4.05,zh,wordfreq,85,1.0
国歌,3.81,zh,wordfreq,48,1.0
国王,4.89,zh,wordfreq,53,1.0
国籍,4.32,zh,wordfreq,48,1.0
图案,4.32,zh,wordfreq,45,1.0
图解,3.43,zh,wordfreq,40,1.0
圆圆,3.6,zh,wordfreq,8,1.6
圆形,3.96,zh,wordfreq,23,1.0
圆环,3.49,zh,wordfreq,10,1.5
土匪,3.72,zh,wordfreq,8,1.6
土豆,4.08,zh,wordfreq,12,1.4
圣灵,3.61,zh,wordfreq,18,1.1
圣诞,4.03,zh,wordfreq,12,1.3
在家,4.64,zh,wordfreq,85,1.0
圭亚那,3.32,zh,wordfreq,0,2.0
地为,4.98,zh,wordfreq,91,1.0
地去,3.51,zh,wordfreq,68,1.0
地名,3.77,zh,wordfreq,115,1.0
地带,4.36,zh,wordfreq,69,1.0
地段,3.64,zh,wordfreq,59,1.0
地球,5.01,zh,wordfreq,71,1.0
地租,3.68,zh,wordfreq,50,1.0
地说,4.16,zh,wordfreq,78,1.0
地里,3.34,zh,wordfreq,93,1.0
地铁站,3.96,zh,wordfreq,0,1.95
场内,3.45,zh,wordfreq,33,1.0
场馆,3.82,zh,wordfreq,17,1.15
坚定,4.43,zh,wordfreq,64,1.0
坚持,5.27,zh,wordfreq,22,1.0
坠毁,3.96,zh,wordfreq,13,1.35
坠落,3.84,zh,wordfreq,29,1.0
坦言,3.56,zh,wordfreq,32,1.0
型号,4.27,zh,wordfreq,32,1.0
型式,3.52,zh,wordfreq,22,1.0
埋怨,3.68,zh,wordfreq,5,1.75
城北,3.42,zh,wordfreq,27,1.0
培育,4.32,zh,wordfreq,11,1.45
基准,3.85,zh,wordfreq,30,1.0
基地,5.05,zh,wordfreq,83,1.0
基德,3.43,zh,wordfreq,46,1.0
基点,3.39,zh,wordfreq,82,1.0
堕落,4.11,zh,wordfreq,28,1.0
塔克,3.87,zh,wordfreq,36,1.0
塔利班,3.63,zh,wordfreq,0,2.0
塞尔,3.54,zh,wordfreq,49,1.0
增发,3.36,zh,wordfreq,70,1.0
增多,4.18,zh,wordfreq,38,1.0
增强,4.8,zh,wordfreq,36,1.0
增援,3.54,zh,wordfreq,27,1.0
增添,4.02,zh,wordfreq,22,1.0
增速,3.66,zh,wordfreq,37,1.0
增量,3.42,zh,wordfreq,63,1.0
墨尔本,3.89,zh,wordfreq,0,2.0
墨水,3.56,zh,wordfreq,47,1.0
壮丽,3.48,zh,wordfreq,9,1.55
声称,4.49,zh,wordfreq,40,1.0
处境,4.25,zh,wordfreq,33,1.0
处理,5.44,zh,wordfreq,56,1.0
处长,4.03,zh,wordfreq,84,1.0
复出,3.61,zh,wordfreq,94,1.0
复印件,3.42,zh,wordfreq,0,1.95
复活节,3.68,zh,wordfreq,0,1.95
夏威夷,3.95,zh,wordfreq,0,2.0
外伤,3.36,zh,wordfreq,66,1.0
外侧,3.54,zh,wordfreq,61,1.0
外公,3.58,zh,wordfreq,59,1.0
外出,4.14,zh,wordfreq,130,1.0
外围,4.37,zh,wordfreq,60,1.0
外头,3.76,zh,wordfreq,125,1.0
外海,3.49,zh,wordfreq,77,1.0
外科,3.88,zh,wordfreq,66,1.0
外语,4.07,zh,wordfreq,81,1.0
外面,4.6,zh,wordfreq,108,1.0
多一些,3.42,zh,wordfreq,1,1.9
多么,4.89,zh,wordfreq,63,1.0
多位,4.01,zh,wordfreq,103,1.0
多功能,3.71,zh,wordfreq,0,1.95
多变,3.56,zh,wordfreq,74,1.0
多大,4.14,zh,wordfreq,113,1.0
多情,3.39,zh,wordfreq,101,1.0
多次,4.84,zh,wordfreq,91,1.0
多达,3.89,zh,wordfreq,71,1.0
夜夜,3.93,zh,wordfreq,21,1.0
夜生活,3.44,zh,wordfreq,2,1.85
大不了,3.72,zh,wordfreq,5,1.7
大举,3.6,zh,wordfreq,186,1.0
大人物,3.53,zh,wordfreq,1,1.85
大体,4.13,zh,wordfreq,228,1.0
大刀,3.37,zh,wordfreq,184,1.0
大力,4.45,zh,wordfreq,248,1.0
大半,3.51,zh,wordfreq,182,1.0
大圣,3.42,zh,wordfreq,179,1.0
大块,3.65,zh,wordfreq,189,1.0
大坝,3.66,zh,wordfreq,178,1.0
大大,4.68,zh,wordfreq,233,1.0
大妈,4.07,zh,wordfreq,185,1.0
大字,3.69,zh,wordfreq,190,1.0
大将,3.89,zh,wordfreq,190,1.0
大幅,4.56,zh,wordfreq,184,1.0
大幅度,3.91,zh,wordfreq,0,1.9
大意,3.55,zh,wordfreq,226,1.0
大旗,3.43,zh,wordfreq,179,1.0
大有,5.13,zh,wordfreq,246,1.0
大气层,3.57,zh,wordfreq,0,1.95
大湖,3.38,zh,wordfreq,182,1.0
大肆,3.88,zh,wordfreq,178,1.0
大胆,4.49,zh,wordfreq,177,1.0
大腿,3.97,zh,wordfreq,181,1.0
大船,3.45,zh,wordfreq,188,1.0
大衣,3.57,zh,wordfreq,190,1.0
大观,3.38,zh,wordfreq,198,1.0
大选,4.54,zh,wordfreq,200,1.0
大都,4.28,zh,wordfreq,181,1.0
大革命,3.76,zh,wordfreq,1,1.9
大餐,3.5,zh,wordfreq,186,1.0
大黑,3.34,zh,wordfreq,181,1.0
天下,4.91,zh,wordfreq,124,1.0
天后,3.86,zh,wordfreq,95,1.0
天呐,3.44,zh,wordfreq,56,1.0
天堂,4.63,zh,wordfreq,68,1.0
天宫,3.58,zh,wordfreq,64,1.0
天桥,3.72,zh,wordfreq,61,1.0
天水,3.35,zh,wordfreq,102,1.0
天津市,4.0,zh,wordfreq,0,1.95
天花板,3.64,zh,wordfreq,0,1.95
天际,3.53,zh,wordfreq,64,1.0
太太,4.45,zh,wordfreq,33,1.0
太子,4.25,zh,wordfreq,198,1.0
太极拳,3.36,zh,wordfreq,0,1.95
太过分,3.61,zh,wordfreq,0,1.9
太阳系,3.79,zh,wordfreq,1,1.9
央行,4.02,zh,wordfreq,65,1.0
失业,4.63,zh,wordfreq,59,1.0
失声,3.36,zh,wordfreq,53,1.0
失恋,3.46,zh,wordfreq,30,1.0
失望,4.69,zh,wordfreq,46,1.0
失眠,3.76,zh,wordfreq,27,1.0
头晕,3.64,zh,wordfreq,23,1.0
头盔,3.83,zh,wordfreq,23,1.0
头绪,3.48,zh,wordfreq,27,1.0
夸大,3.91,zh,wordfreq,58,1.0
奇人,3.45,zh,wordfreq,148,1.0
奇妙,4.11,zh,wordfreq,13,1.35
奉命,3.71,zh,wordfreq,22,1.0
奖励,4.59,zh,wordfreq,10,1.5
奖惩,3.53,zh,wordfreq,9,1.55
奖章,3.79,zh,wordfreq,22,1.0
套件,3.36,zh,wordfreq,32,1.0
套餐,4.04,zh,wordfreq,14,1.3
奥克兰,3.6,zh,wordfreq,1,1.95
奥巴马,4.11,zh,wordfreq,0,1.95
女主,3.47,zh,wordfreq,49,1.0
女主播,3.67,zh,wordfreq,2,1.8
女优,3.77,zh,wordfreq,31,1.0
女士,4.69,zh,wordfreq,56,1.0
女婴,3.32,zh,wordfreq,28,1.0
女王,4.52,zh,wordfreq,40,1.0
奴隶主,3.49,zh,wordfreq,1,1.9
奶子,4.04,zh,wordfreq,179,1.0
好像,5.15,zh,wordfreq,58,1.0
好几个,4.12,zh,wordfreq,2,1.8
好坏,3.86,zh,wordfreq,46,1.0
好多,4.57,zh,wordfreq,55,1.0
好心,3.7,zh,wordfreq,92,1.0
好意,3.59,zh,wordfreq,88,1.0
好色,3.35,zh,wordfreq,76,1.0
好话,3.42,zh,wordfreq,67,1.0
如今,4.94,zh,wordfreq,20,1.0
如图,3.52,zh,wordfreq,30,1.0
妇人,3.75,zh,wordfreq,144,1.0
妈咪,3.83,zh,wordfreq,4,1.8
妨碍,4.21,zh,wordfreq,2,1.9
妻子,5.07,zh,wordfreq,173,1.0
姊姊,3.55,zh,wordfreq,1,1.95
始建,3.97,zh,wordfreq,21,1.0
姐妹,4.42,zh,wordfreq,10,1.5
委派,3.58,zh,wordfreq,21,1.0
威尔士,3.44,zh,wordfreq,2,1.85
威尼斯,4.09,zh,wordfreq,3,1.8
威武,3.35,zh,wordfreq,17,1.15
娜娜,3.72,zh,wordfreq,5,1.75
娱乐,4.93,zh,wordfreq,14,1.2
嫌疑,3.88,zh,wordfreq,7,1.6
子公司,3.97,zh,wordfreq,3,1.8
子女,4.66,zh,wordfreq,25,1.0
孔子,4.22,zh,wordfreq,173,1.0
字节,3.53,zh,wordfreq,28,1.0
存亡,3.32,zh,wordfreq,19,1.05
存有,3.72,zh,wordfreq,80,1.0
存量,3.57,zh,wordfreq,52,1.0
孝顺,3.42,zh,wordfreq,3,1.85
季度,4.19,zh,wordfreq,50,1.0
孤单,4.01,zh,wordfreq,18,1.1
学历,4.39,zh,wordfreq,52,1.0
学堂,3.83,zh,wordfreq,53,1.0
学子,3.65,zh,wordfreq,213,1.0
学术,4.74,zh,wordfreq,52,1.0
学着,3.48,zh,wordfreq,78,1.0
学童,3.44,zh,wordfreq,47,1.0
学部,3.34,zh,wordfreq,87,1.0
宁可,4.06,zh,wordfreq,12,1.4
宁夏,4.13,zh,wordfreq,6,1.7
它们,5.42,zh,wordfreq,9,1.55
宇航员,3.71,zh,wordfreq,0,1.95
安全部,3.5,zh,wordfreq,4,1.7
安危,3.63,zh,wordfreq,35,1.0
安心,4.08,zh,wordfreq,87,1.0
安抚,4.0,zh,wordfreq,35,1.0
安稳,3.67,zh,wordfreq,36,1.0
安葬,3.51,zh,wordfreq,39,1.0
安顿,3.43,zh,wordfreq,39,1.0
宋代,3.81,zh,wordfreq,24,1.0
完后,3.33,zh,wordfreq,51,1.0
完善,4.81,zh,wordfreq,18,1.1
宗旨,4.34,zh,wordfreq,5,1.75
定义,4.81,zh,wordfreq,37,1.0
定于,3.47,zh,wordfreq,70,1.0
定制,4.05,zh,wordfreq,56,1.0
定型,3.63,zh,wordfreq,40,1.0
定额,3.66,zh,wordfreq,33,1.0
宜兰,3.49,zh,wordfreq,13,1.35
宝石,4.02,zh,wordfreq,23,1.0
实业,4.09,zh,wordfreq,66,1.0
实为,3.81,zh,wordfreq,75,1.0
实体,4.56,zh,wordfreq,83,1.0
实务,3.68,zh,wordfreq,55,1.0
实物,3.94,zh,wordfreq,66,1.0
实用性,3.32,zh,wordfreq,1,1.9
实证,3.47,zh,wordfreq,50,1.0
实践,4.89,zh,wordfreq,32,1.0
审慎,3.61,zh,wordfreq,14,1.3
审讯,4.12,zh,wordfreq,20,1.0
客户,4.92,zh,wordfreq,31,1.0
客观,4.6,zh,wordfreq,36,1.0
宣传部,3.88,zh,wordfreq,1,1.9
宣战,3.91,zh,wordfreq,52,1.0
宪章,4.17,zh,wordfreq,17,1.15
宫内,3.32,zh,wordfreq,28,1.0
家家,3.46,zh,wordfreq,95,1.0
家属,4.5,zh,wordfreq,41,1.0
家政,3.48,zh,wordfreq,45,1.0
家族,4.86,zh,wordfreq,44,1.0
家门,3.74,zh,wordfreq,71,1.0
容器,3.9,zh,wordfreq,19,1.05
宽广,3.63,zh,wordfreq,11,1.45
宽恕,3.8,zh,wordfreq,9,1.55
宽松,3.95,zh,wordfreq,11,1.45
寄出,3.39,zh,wordfreq,82,1.0
密集,4.18,zh,wordfreq,29,1.0
富商,3.46,zh,wordfreq,24,1.0
富翁,3.59,zh,wordfreq,11,1.45
富贵,3.74,zh,wordfreq,19,1.05
对不起,4.66,zh,wordfreq,5,1.7
对冲,3.43,zh,wordfreq,33,1.0
对外,4.74,zh,wordfreq,62,1.0
对立,4.47,zh,wordfreq,52,1.0
寺庙,4.03,zh,wordfreq,2,1.9
寻觅,3.52,zh,wordfreq,3,1.85
导入,3.75,zh,wordfreq,69,1.0
导演,4.87,zh,wordfreq,20,1.0
导航,4.11,zh,wordfreq,16,1.2
封印,3.39,zh,wordfreq,15,1.25
封号,3.83,zh,wordfreq,40,1.0
封面,4.34,zh,wordfreq,66,1.0
尊崇,3.43,zh,wordfreq,6,1.7
小伙伴,3.52,zh,wordfreq,1,1.85
小儿,3.57,zh,wordfreq,93,1.0
小刀,3.33,zh,wordfreq,75,1.0
小品,3.68,zh,wordfreq,95,1.0
小女孩,4.36,zh,wordfreq,2,1.8
小姐,4.88,zh,wordfreq,73,1.0
小子,4.28,zh,wordfreq,240,1.0
小岛,4.02,zh,wordfreq,79,1.0
小狗,3.89,zh,wordfreq,73,1.0
小白,3.39,zh,wordfreq,84,1.0
小看,3.45,zh,wordfreq,81,1.0
小精灵,3.54,zh,wordfreq,0,1.95
小规模,3.59,zh,wordfreq,1,1.9
小视频,3.74,zh,wordfreq,0,1.95
小鸡,3.7,zh,wordfreq,74,1.0
小麦,4.15,zh,wordfreq,70,1.0
少女,4.89,zh,wordfreq,33,1.0
少许,3.59,zh,wordfreq,24,1.0
尘土,3.55,zh,wordfreq,12,1.4
尤为,3.91,zh,wordfreq,46,1.0
就位,3.34,zh,wordfreq,63,1.0
就是,6.06,zh,wordfreq,54,1.0
尺寸,4.33,zh,wordfreq,3,1.85
尺度,4.23,zh,wordfreq,49,1.0
尼古拉,3.43,zh,wordfreq,0,2.0
尼尔森,3.5,zh,wordfreq,0,1.95
尽早,3.92,zh,wordfreq,15,1.25
尾声,3.63,zh,wordfreq,31,1.0
局面,4.51,zh,wordfreq,60,1.0
屁屁,3.42,zh,wordfreq,4,1.8
层层,3.73,zh,wordfreq,24,1.0
居住地,3.39,zh,wordfreq,0,1.95
居多,3.8,zh,wordfreq,24,1.0
届时,4.08,zh,wordfreq,42,1.0
展开,4.93,zh,wordfreq,41,1.0
展览,4.51,zh,wordfreq,15,1.2
屠夫,3.51,zh,wordfreq,19,1.05
山南,3.35,zh,wordfreq,49,1.0
山寨,3.95,zh,wordfreq,30,1.0
山峰,3.86,zh,wordfreq,33,1.0
山庄,3.71,zh,wordfreq,33,1.0
山河,3.59,zh,wordfreq,43,1.0
山镇,3.67,zh,wordfreq,38,1.0
岁月,4.18,zh,wordfreq,22,1.0
岛上,4.53,zh,wordfreq,76,1.0
岳母,3.38,zh,wordfreq,12,1.4
崇敬,3.42,zh,wordfreq,6,1.7
崩塌,3.5,zh,wordfreq,4,1.8
巡回,3.82,zh,wordfreq,30,1.0
巡警,3.35,zh,wordfreq,18,1.1
工会,4.64,zh,wordfreq,73,1.0
工具,5.14,zh,wordfreq,38,1.0
工商业,3.87,zh,wordfreq,1,1.8
工地,3.95,zh,wordfreq,86,1.0
工序,3.73,zh,wordfreq,27,1.0
工时,3.57,zh,wordfreq,62,1.0
左边,4.09,zh,wordfreq,35,1.0
巨变,3.44,zh,wordfreq,26,1.0
巨星,3.9,zh,wordfreq,35,1.0
巨龙,3.36,zh,wordfreq,20,1.0
差别,4.54,zh,wordfreq,25,1.0
差异,4.77,zh,wordfreq,18,1.1
巴克,3.67,zh,wordfreq,52,1.0
巴巴,3.57,zh,wordfreq,29,1.0
巴比,3.52,zh,wordfreq,37,1.0
币值,3.37,zh,wordfreq,15,1.25
市值,3.78,zh,wordfreq,31,1.0
市政,4.05,zh,wordfreq,35,1.0
市政府,4.32,zh,wordfreq,8,1.45
市镇,3.69,zh,wordfreq,24,1.0
布丁,3.53,zh,wordfreq,17,1.15
布兰,3.63,zh,wordfreq,22,1.0
布朗,4.14,zh,wordfreq,17,1.15
布莱克,3.46,zh,wordfreq,3,1.8
希望,5.72,zh,wordfreq,25,1.0
帕特,3.38,zh,wordfreq,30,1.0
带上,4.08,zh,wordfreq,87,1.0
带入,3.71,zh,wordfreq,75,1.0
带走,4.34,zh,wordfreq,30,1.0
带队,3.55,zh,wordfreq,42,1.0
席位,3.85,zh,wordfreq,48,1.0
帮主,3.41,zh,wordfreq,27,1.0
帮手,3.62,zh,wordfreq,64,1.0
常见于,3.32,zh,wordfreq,0,1.9
常规赛,3.46,zh,wordfreq,0,1.95
常识,4.12,zh,wordfreq,34,1.0
幕后,4.3,zh,wordfreq,40,1.0
干掉,3.89,zh,wordfreq,37,1.0
干线,4.04,zh,wordfreq,59,1.0
干部,5.01,zh,wordfreq,65,1.0
平价,3.75,zh,wordfreq,63,1.0
平地,3.52,zh,wordfreq,97,1.0
平安,4.42,zh,wordfreq,48,1.0
平方米,4.21,zh,wordfreq,1,1.85
年会,5.25,zh,wordfreq,81,1.0
年幼,3.57,zh,wordfreq,30,1.0
年纪,4.51,zh,wordfreq,32,1.0
年鉴,3.41,zh,wordfreq,31,1.0
年龄,4.85,zh,wordfreq,31,1.0
年龄段,3.35,zh,wordfreq,0,1.95
并举,3.52,zh,wordfreq,23,1.0
并入,3.83,zh,wordfreq,75,1.0
并购,3.99,zh,wordfreq,24,1.0
幸免,3.63,zh,wordfreq,15,1.25
幸好,4.09,zh,wordfreq,43,1.0
广告,5.1,zh,wordfreq,28,1.0
广州市,3.95,zh,wordfreq,3,1.8
庄严,3.73,zh,wordfreq,7,1.65
庆祝,4.68,zh,wordfreq,3,1.85
庆贺,3.52,zh,wordfreq,4,1.8
床位,3.46,zh,wordfreq,49,1.0
序幕,3.63,zh,wordfreq,14,1.3
库房,3.37,zh,wordfreq,24,1.0
应为,3.79,zh,wordfreq,61,1.0
应付,4.45,zh,wordfreq,24,1.0
应急,4.22,zh,wordfreq,22,1.0
废墟,3.92,zh,wordfreq,9,1.55
废气,3.51,zh,wordfreq,51,1.0
废水,3.6,zh,wordfreq,55,1.0
度量,3.37,zh,wordfreq,43,1.0
座位,4.26,zh,wordfreq,50,1.0
廉洁,3.67,zh,wordfreq,7,1.65
延续,4.49,zh,wordfreq,16,1.2
建制,4.07,zh,wordfreq,58,1.0
建构,4.05,zh,wordfreq,25,1.0
建树,3.36,zh,wordfreq,23,1.0
建筑,5.34,zh,wordfreq,23,1.0
建起,3.43,zh,wordfreq,53,1.0
开刀,3.51,zh,wordfreq,73,1.0
开发者,3.96,zh,wordfreq,3,1.8
开国,3.88,zh,wordfreq,121,1.0
开局,3.65,zh,wordfreq,84,1.0
开幕,4.44,zh,wordfreq,78,1.0
开心,4.96,zh,wordfreq,119,1.0
开挖,3.37,zh,wordfreq,66,1.0
开支,4.16,zh,wordfreq,73,1.0
开放式,3.72,zh,wordfreq,2,1.85
开罗,3.86,zh,wordfreq,72,1.0
开花,3.93,zh,wordfreq,87,1.0
开除,4.35,zh,wordfreq,83,1.0
弄清,3.47,zh,wordfreq,10,1.5
式样,3.33,zh,wordfreq,20,1.0
弓箭,3.48,zh,wordfreq,2,1.9
引进,4.6,zh,wordfreq,41,1.0
引述,3.63,zh,wordfreq,34,1.0
张家,3.51,zh,wordfreq,77,1.0
弱者,3.64,zh,wordfreq,36,1.0
弹劾,3.9,zh,wordfreq,6,1.7
弹头,3.68,zh,wordfreq,79,1.0
弹性,4.28,zh,wordfreq,51,1.0
强健,3.36,zh,wordfreq,27,1.0
强烈,4.98,zh,wordfreq,30,1.0
强行,4.25,zh,wordfreq,89,1.0
归国,3.58,zh,wordfreq,66,1.0
归纳,3.87,zh,wordfreq,21,1.0
当事人,4.41,zh,wordfreq,1,1.95
当兵,3.7,zh,wordfreq,48,1.0
当天,4.67,zh,wordfreq,77,1.0
当官,3.4,zh,wordfreq,44,1.0
当红,3.54,zh,wordfreq,38,1.0
录制,4.09,zh,wordfreq,42,1.0
录音,4.36,zh,wordfreq,23,1.0
形似,3.34,zh,wordfreq,15,1.25
形势,4.7,zh,wordfreq,30,1.0
彰显,3.89,zh,wordfreq,4,1.8
影城,3.4,zh,wordfreq,38,1.0
影星,3.55,zh,wordfreq,40,1.0
影集,3.57,zh,wordfreq,36,1.0
影音,4.31,zh,wordfreq,32,1.0
彷佛,3.99,zh,wordfreq,5,1.75
彻底,4.92,zh,wordfreq,11,1.45
征战,3.69,zh,wordfreq,50,1.0
征求,4.08,zh,wordfreq,29,1.0
很快,4.99,zh,wordfreq,29,1.0
很难说,3.58,zh,wordfreq,0,1.95
徒弟,3.89,zh,wordfreq,10,1.5
得体,3.46,zh,wordfreq,71,1.0
得利,3.55,zh,wordfreq,63,1.0
得奖,3.92,zh,wordfreq,28,1.0
得手,3.38,zh,wordfreq,78,1.0
得知,4.57,zh,wordfreq,40,1.0
微波,3.79,zh,wordfreq,20,1.0
德国人,4.12,zh,wordfreq,5,1.65
德罗,3.46,zh,wordfreq,20,1.0
徽章,3.61,zh,wordfreq,14,1.3
心力,3.34,zh,wordfreq,104,1.0
心头,3.72,zh,wordfreq,106,1.0
心底,3.86,zh,wordfreq,44,1.0
心思,4.0,zh,wordfreq,40,1.0
心情,4.69,zh,wordfreq,77,1.0
心脏,4.44,zh,wordfreq,37,1.0
心血管,3.51,zh,wordfreq,0,1.9
必需,4.1,zh,wordfreq,14,1.25
忍者,3.6,zh,wordfreq,33,1.0
志愿军,3.66,zh,wordfreq,1,1.9
忘记,4.89,zh,wordfreq,15,1.25
忠于,3.85,zh,wordfreq,55,1.0
忠实,4.06,zh,wordfreq,29,1.0
忧心,3.41,zh,wordfreq,57,1.0
念书,3.72,zh,wordfreq,27,1.0
念佛,3.35,zh,wordfreq,7,1.65
怀抱,3.94,zh,wordfreq,11,1.45
怎么样,5.32,zh,wordfreq,4,1.7
怒气,3.65,zh,wordfreq,44,1.0
思路,4.3,zh,wordfreq,42,1.0
急性,3.78,zh,wordfreq,54,1.0
性爱,4.22,zh,wordfreq,32,1.0
怪不得,3.63,zh,wordfreq,2,1.85
怪人,3.66,zh,wordfreq,145,1.0
怪兽,3.88,zh,wordfreq,8,1.6
怪怪的,3.48,zh,wordfreq,0,2.0
总书记,4.39,zh,wordfreq,0,1.95
总公司,3.95,zh,wordfreq,3,1.8
总动员,3.47,zh,wordfreq,1,1.9
总是,5.2,zh,wordfreq,69,1.0
总督,4.34,zh,wordfreq,36,1.0
总量,4.17,zh,wordfreq,73,1.0
恋情,3.8,zh,wordfreq,46,1.0
恒定,3.32,zh,wordfreq,54,1.0
恒星,4.04,zh,wordfreq,28,1.0
恩惠,3.42,zh,wordfreq,9,1.55
恭喜,4.36,zh,wordfreq,5,1.75
恶意,4.24,zh,wordfreq,63,1.0
恶搞,3.48,zh,wordfreq,14,1.3
恶行,3.72,zh,wordfreq,78,1.0
恼怒,3.4,zh,wordfreq,4,1.8
悠悠,3.36,zh,wordfreq,3,1.85
患者,4.73,zh,wordfreq,34,1.0
悬崖,3.92,zh,wordfreq,5,1.75
悼念,3.8,zh,wordfreq,11,1.45
情形,4.65,zh,wordfreq,43,1.0
情报局,3.68,zh,wordfreq,0,1.95
情谊,3.53,zh,wordfreq,26,1.0
惊奇,3.99,zh,wordfreq,23,1.0
惊慌,3.68,zh,wordfreq,14,1.3
惨痛,3.53,zh,wordfreq,12,1.4
惨败,3.65,zh,wordfreq,17,1.15
惩罚,4.59,zh,wordfreq,8,1.6
惬意,3.42,zh,wordfreq,49,1.0
想像力,3.37,zh,wordfreq,1,1.9
想念,4.27,zh,wordfreq,23,1.0
想见,3.86,zh,wordfreq,41,1.0
想象,4.72,zh,wordfreq,28,1.0
愈加,3.5,zh,wordfreq,16,1.2
意志,4.44,zh,wordfreq,27,1.0
意见,5.3,zh,wordfreq,47,1.0
愚弄,3.53,zh,wordfreq,5,1.75
感叹,4.03,zh,wordfreq,23,1.0
感官,3.67,zh,wordfreq,35,1.0
愿意,5.18,zh,wordfreq,51,1.0
愿景,3.63,zh,wordfreq,14,1.3
慈善,4.38,zh,wordfreq,8,1.6
慈悲,3.86,zh,wordfreq,3,1.85
憎恶,3.33,zh,wordfreq,9,1.55
懒散,3.4,zh,wordfreq,11,1.45
戈登,3.51,zh,wordfreq,6,1.7
戏剧性,3.72,zh,wordfreq,0,1.95
成名,3.83,zh,wordfreq,102,1.0
成家,3.32,zh,wordfreq,104,1.0
成年人,4.12,zh,wordfreq,2,1.8
成形,3.62,zh,wordfreq,54,1.0
成本,4.91,zh,wordfreq,56,1.0
我以,5.16,zh,wordfreq,52,1.0
我家,4.5,zh,wordfreq,102,1.0
我爸,3.73,zh,wordfreq,35,1.0
我行,3.47,zh,wordfreq,97,1.0
我该,4.92,zh,wordfreq,38,1.0
我读,3.53,zh,wordfreq,41,1.0
戒毒,3.37,zh,wordfreq,17,1.15
或者说,4.01,zh,wordfreq,0,1.95
战俘,3.83,zh,wordfreq,36,1.0
战国,4.09,zh,wordfreq,90,1.0
战时,3.46,zh,wordfreq,76,1.0
战术,4.35,zh,wordfreq,46,1.0
战略,5.11,zh,wordfreq,44,1.0
战略性,3.57,zh,wordfreq,0,1.95
战神,3.74,zh,wordfreq,46,1.0
戴眼镜,3.33,zh,wordfreq,0,1.95
房东,3.86,zh,wordfreq,30,1.0
房价,4.15,zh,wordfreq,42,1.0
房租,3.92,zh,wordfreq,13,1.35
所在地,4.37,zh,wordfreq,0,1.95
所有者,3.66,zh,wordfreq,5,1.7
所谓,5.22,zh,wordfreq,20,1.0
手持,3.99,zh,wordfreq,44,1.0
手提,3.47,zh,wordfreq,38,1.0
手法,4.47,zh,wordfreq,80,1.0
手淫,3.5,zh,wordfreq,36,1.0
手表,4.08,zh,wordfreq,44,1.0
手铐,3.8,zh,wordfreq,34,1.0
扎营,3.34,zh,wordfreq,16,1.2
扑克,3.7,zh,wordfreq,34,1.0
扑灭,3.58,zh,wordfreq,6,1.7
打中,3.44,zh,wordfreq,100,1.0
打击,4.94,zh,wordfreq,78,1.0
打动,3.84,zh,wordfreq,111,1.0
打压,3.96,zh,wordfreq,64,1.0
打折,3.5,zh,wordfreq,57,1.0
打消,3.38,zh,wordfreq,54,1.0
打赢,3.73,zh,wordfreq,54,1.0
执勤,3.41,zh,wordfreq,15,1.25
执导,3.97,zh,wordfreq,30,1.0
执意,3.64,zh,wordfreq,61,1.0
执行长,3.66,zh,wordfreq,1,1.85
扩展,4.64,zh,wordfreq,18,1.1
扩建,4.14,zh,wordfreq,23,1.0
扯淡,3.36,zh,wordfreq,2,1.9
批准,4.92,zh,wordfreq,19,1.05
扼杀,3.6,zh,wordfreq,13,1.35
找出,4.27,zh,wordfreq,83,1.0
找寻,3.85,zh,wordfreq,8,1.6
承办,3.91,zh,wordfreq,23,1.0
承诺,4.81,zh,wordfreq,11,1.45
技工,3.55,zh,wordfreq,36,1.0
技能,4.65,zh,wordfreq,39,1.0
抒情,3.66,zh,wordfreq,45,1.0
抓狂,3.46,zh,wordfreq,8,1.6
投向,3.6,zh,wordfreq,54,1.0
投奔,3.52,zh,wordfreq,22,1.0
投标,3.81,zh,wordfreq,33,1.0
抗争,4.35,zh,wordfreq,16,1.2
折腾,3.91,zh,wordfreq,8,1.6
抚摸,3.73,zh,wordfreq,4,1.8
抛出,3.46,zh,wordfreq,81,1.0
抛售,3.38,zh,wordfreq,9,1.55
抢占,3.55,zh,wordfreq,10,1.5
抢走,3.63,zh,wordfreq,22,1.0
护照,4.36,zh,wordfreq,25,1.0
护送,3.81,zh,wordfreq,18,1.1
报纸,4.82,zh,wordfreq,26,1.0
报销,3.74,zh,wordfreq,36,1.0
抬头,3.95,zh,wordfreq,75,1.0
抱歉,4.32,zh,wordfreq,6,1.7
抱负,3.58,zh,wordfreq,12,1.4
抹黑,3.53,zh,wordfreq,4,1.8
担当,4.21,zh,wordfreq,22,1.0
拇指,3.67,zh,wordfreq,8,1.55
拉吉,3.37,zh,wordfreq,24,1.0
拉姆,3.9,zh,wordfreq,28,1.0
拉拢,3.55,zh,wordfreq,23,1.0
拉登,3.41,zh,wordfreq,26,1.0
拍卖会,3.33,zh,wordfreq,0,1.95
拓宽,3.8,zh,wordfreq,3,1.85
拓展,4.36,zh,wordfreq,14,1.3
招募,4.09,zh,wordfreq,13,1.35
招待会,3.44,zh,wordfreq,0,1.95
招收,4.02,zh,wordfreq,22,1.0
招数,3.57,zh,wordfreq,43,1.0
拼写,3.52,zh,wordfreq,17,1.15
拿下,4.24,zh,wordfreq,73,1.0
拿来,4.3,zh,wordfreq,59,1.0
持续,5.25,zh,wordfreq,14,1.3
挂钩,3.65,zh,wordfreq,1,1.95
指挥部,3.99,zh,wordfreq,1,1.9
指教,3.44,zh,wordfreq,41,1.0
指明,3.71,zh,wordfreq,54,1.0
指望,4.14,zh,wordfreq,44,1.0
指派,3.88,zh,wordfreq,39,1.0
指示,4.54,zh,wordfreq,42,1.0
按住,3.38,zh,wordfreq,28,1.0
挑战,4.98,zh,wordfreq,44,1.0
挚爱,3.5,zh,wordfreq,22,1.0
挫败,3.73,zh,wordfreq,12,1.4
挽回,3.78,zh,wordfreq,23,1.0
挽救,4.05,zh,wordfreq,15,1.25
捍卫,4.18,zh,wordfreq,10,1.45
捕捞,3.61,zh,wordfreq,6,1.7
捕食,3.4,zh,wordfreq,21,1.0
换届,3.39,zh,wordfreq,16,1.2
换言之,3.71,zh,wordfreq,0,2.0
据悉,4.12,zh,wordfreq,7,1.65
捷运,3.81,zh,wordfreq,21,1.0
掌管,3.9,zh,wordfreq,24,1.0
排版,3.4,zh,wordfreq,21,1.0
排球,3.6,zh,wordfreq,37,1.0
排队,4.26,zh,wordfreq,42,1.0
探视,3.48,zh,wordfreq,37,1.0
探讨,4.51,zh,wordfreq,13,1.35
接入,3.7,zh,wordfreq,91,1.0
接着,4.73,zh,wordfreq,67,1.0
接纳,4.05,zh,wordfreq,40,1.0
接通,3.47,zh,wordfreq,54,1.0
控制器,3.65,zh,wordfreq,1,1.9
推力,3.38,zh,wordfreq,101,1.0
推定,3.49,zh,wordfreq,82,1.0
推崇,3.89,zh,wordfreq,31,1.0
推广,4.94,zh,wordfreq,32,1.0
推油,3.74,zh,wordfreq,41,1.0
推测,4.23,zh,wordfreq,39,1.0
推行,4.46,zh,wordfreq,94,1.0
掩护,4.05,zh,wordfreq,17,1.15
提倡,4.28,zh,wordfreq,24,1.0
提出,5.51,zh,wordfreq,102,1.0
提示,4.36,zh,wordfreq,43,1.0
揭晓,3.86,zh,wordfreq,9,1.55
搁浅,3.53,zh,wordfreq,2,1.9
搅拌,3.63,zh,wordfreq,0,2.0
搏击,3.43,zh,wordfreq,27,1.0
搜救,3.71,zh,wordfreq,20,1.0
搜查,4.0,zh,wordfreq,23,1.0
搜集,4.28,zh,wordfreq,29,1.0
搬走,3.33,zh,wordfreq,21,1.0
摄像头,4.05,zh,wordfreq,1,1.9
摄影师,4.35,zh,wordfreq,1,1.9
摆放,3.65,zh,wordfreq,19,1.05
摊位,3.54,zh,wordfreq,46,1.0
摔跤,3.75,zh,wordfreq,1,1.95
摧残,3.77,zh,wordfreq,3,1.85
撑腰,3.34,zh,wordfreq,1,1.95
撒旦,3.63,zh,wordfreq,6,1.7
撤军,3.54,zh,wordfreq,37,1.0
撤离,4.25,zh,wordfreq,17,1.15
撤销,4.69,zh,wordfreq,22,1.0
撼动,3.41,zh,wordfreq,59,1.0
擅自,3.94,zh,wordfreq,12,1.4
支出,4.34,zh,wordfreq,93,1.0
支持率,3.73,zh,wordfreq,1,1.9
支点,3.33,zh,wordfreq,79,1.0
支票,3.77,zh,wordfreq,33,1.0
收到,4.93,zh,wordfreq,87,1.0
收取,4.21,zh,wordfreq,61,1.0
收听,3.94,zh,wordfreq,46,1.0
收场,3.65,zh,wordfreq,88,1.0
收成,3.47,zh,wordfreq,78,1.0
收起,3.5,zh,wordfreq,67,1.0
改为,4.62,zh,wordfreq,64,1.0
改组,4.1,zh,wordfreq,33,1.0
改革,5.31,zh,wordfreq,25,1.0
攻克,3.69,zh,wordfreq,46,1.0
攻略,3.88,zh,wordfreq,22,1.0
攻破,3.64,zh,wordfreq,20,1.0
攻防,3.32,zh,wordfreq,19,1.05
放假,3.94,zh,wordfreq,42,1.0
放纵,3.72,zh,wordfreq,32,1.0
放荡,3.51,zh,wordfreq,37,1.0
政务,4.16,zh,wordfreq,44,1.0
政委,3.92,zh,wordfreq,35,1.0
政权,5.1,zh,wordfreq,52,1.0
政治部,3.85,zh,wordfreq,4,1.75
故意,4.51,zh,wordfreq,55,1.0
效仿,3.46,zh,wordfreq,11,1.45
效劳,3.56,zh,wordfreq,15,1.25
效法,3.36,zh,wordfreq,56,1.0
效益,4.26,zh,wordfreq,20,1.0
救人,3.77,zh,wordfreq,154,1.0
教义,3.98,zh,wordfreq,49,1.0
教书,3.69,zh,wordfreq,56,1.0
教区,3.5,zh,wordfreq,74,1.0
教员,3.83,zh,wordfreq,55,1.0
教学,4.93,zh,wordfreq,68,1.0
教室,4.31,zh,wordfreq,41,1.0
教廷,3.36,zh,wordfreq,34,1.0
教条,3.6,zh,wordfreq,48,1.0
散步,3.93,zh,wordfreq,24,1.0
敬爱,3.45,zh,wordfreq,28,1.0
数万,3.8,zh,wordfreq,36,1.0
数值,4.13,zh,wordfreq,36,1.0
数据,5.34,zh,wordfreq,29,1.0
数百万,3.66,zh,wordfreq,8,1.45
数百人,3.35,zh,wordfreq,3,1.8
数目,4.32,zh,wordfreq,39,1.0
整修,3.61,zh,wordfreq,31,1.0
整形,3.44,zh,wordfreq,41,1.0
整日,3.33,zh,wordfreq,62,1.0
整治,3.98,zh,wordfreq,36,1.0
整齐,3.78,zh,wordfreq,25,1.0
文史,3.72,zh,wordfreq,39,1.0
文学,5.05,zh,wordfreq,70,1.0
文稿,3.39,zh,wordfreq,36,1.0
文艺,4.52,zh,wordfreq,42,1.0
文集,4.0,zh,wordfreq,55,1.0
斑点,3.48,zh,wordfreq,65,1.0
斗篷,3.41,zh,wordfreq,6,1.7
断层,3.8,zh,wordfreq,27,1.0
斯拉夫,3.76,zh,wordfreq,0,1.9
斯特,4.08,zh,wordfreq,34,1.0
斯科特,3.64,zh,wordfreq,0,1.95
新一轮,3.52,zh,wordfreq,2,1.85
新低,3.4,zh,wordfreq,65,1.0
新制,3.37,zh,wordfreq,95,1.0
新婚,3.66,zh,wordfreq,67,1.0
新年,4.31,zh,wordfreq,120,1.0
新政,3.83,zh,wordfreq,77,1.0
新片,3.52,zh,wordfreq,83,1.0
新石器,3.46,zh,wordfreq,0,1.95
新竹,3.57,zh,wordfreq,58,1.0
新约,3.37,zh,wordfreq,78,1.0
新闻,5.58,zh,wordfreq,63,1.0
新闻稿,3.69,zh,wordfreq,3,1.8
方形,3.5,zh,wordfreq,36,1.0
方略,3.41,zh,wordfreq,26,1.0
方面,5.46,zh,wordfreq,73,1.0
施压,3.94,zh,wordfreq,20,1.0
施行,4.33,zh,wordfreq,72,1.0
旅程,4.12,zh,wordfreq,31,1.0
旋律,3.82,zh,wordfreq,10,1.45
族裔,3.52,zh,wordfreq,6,1.7
旗号,3.63,zh,wordfreq,34,1.0
旗袍,3.35,zh,wordfreq,5,1.75
无关,4.58,zh,wordfreq,90,1.0
无名,3.93,zh,wordfreq,140,1.0
无处,3.81,zh,wordfreq,105,1.0
无情,4.1,zh,wordfreq,117,1.0
无损,3.42,zh,wordfreq,77,1.0
无望,3.52,zh,wordfreq,94,1.0
无毛,3.36,zh,wordfreq,78,1.0
无理,3.71,zh,wordfreq,114,1.0
无能,4.09,zh,wordfreq,106,1.0
无论是,4.3,zh,wordfreq,1,1.9
日为,5.15,zh,wordfreq,86,1.0
日光,3.67,zh,wordfreq,68,1.0
日内,3.48,zh,wordfreq,67,1.0
日内瓦,4.0,zh,wordfreq,0,1.95
日式,3.63,zh,wordfreq,63,1.0
日志,4.14,zh,wordfreq,52,1.0
日时,4.94,zh,wordfreq,84,1.0
日晚,3.89,zh,wordfreq,52,1.0
日用品,3.35,zh,wordfreq,0,1.95
日语,4.36,zh,wordfreq,72,1.0
旧城,3.53,zh,wordfreq,27,1.0
旧金山,4.06,zh,wordfreq,0,1.95
早前,3.47,zh,wordfreq,43,1.0
早餐,4.2,zh,wordfreq,26,1.0
早饭,3.75,zh,wordfreq,23,1.0
时候,5.89,zh,wordfreq,41,1.0
时机,4.43,zh,wordfreq,77,1.0
时装周,3.34,zh,wordfreq,0,1.95
时间表,3.85,zh,wordfreq,0,1.95
旺角,3.45,zh,wordfreq,11,1.45
昆仑,3.64,zh,wordfreq,3,1.85
昆虫,4.02,zh,wordfreq,5,1.75
明天,5.08,zh,wordfreq,67,1.0
明明,4.22,zh,wordfreq,51,1.0
昏迷,3.86,zh,wordfreq,9,1.55
星座,4.02,zh,wordfreq,25,1.0
星际,4.07,zh,wordfreq,19,1.05
映射,3.49,zh,wordfreq,12,1.4
春风,3.64,zh,wordfreq,28,1.0
昨天,4.93,zh,wordfreq,50,1.0
显示,5.33,zh,wordfreq,26,1.0
显示器,3.96,zh,wordfreq,1,1.9
显著,4.4,zh,wordfreq,18,1.1
显赫,3.45,zh,wordfreq,9,1.55
晋级,4.07,zh,wordfreq,31,1.0
晨报,3.48,zh,wordfreq,33,1.0
晨曦,3.37,zh,wordfreq,1,1.95
普选,3.75,zh,wordfreq,34,1.0
景点,4.28,zh,wordfreq,69,1.0
晶体,3.78,zh,wordfreq,51,1.0
暑假,3.98,zh,wordfreq,12,1.4
暖和,3.49,zh,wordfreq,14,1.3
暗号,3.63,zh,wordfreq,35,1.0
暴力,4.8,zh,wordfreq,88,1.0
暴走,3.4,zh,wordfreq,33,1.0
曝光,4.59,zh,wordfreq,25,1.0
曲折,3.86,zh,wordfreq,12,1.4
曲线,4.25,zh,wordfreq,47,1.0
曲艺,3.34,zh,wordfreq,16,1.2
更多人,3.41,zh,wordfreq,0,1.95
更深,3.73,zh,wordfreq,27,1.0
更衣室,3.52,zh,wordfreq,0,2.0
曼德拉,3.57,zh,wordfreq,0,1.95
曼谷,4.0,zh,wordfreq,7,1.65
最低,4.68,zh,wordfreq,39,1.0
最强,4.29,zh,wordfreq,46,1.0
最早,4.6,zh,wordfreq,41,1.0
最近,5.28,zh,wordfreq,47,1.0
最重,3.45,zh,wordfreq,63,1.0
月刊,3.78,zh,wordfreq,20,1.0
月台,3.55,zh,wordfreq,40,1.0
月间,3.56,zh,wordfreq,35,1.0
有事,4.02,zh,wordfreq,117,1.0
有名,4.3,zh,wordfreq,128,1.0
有够,3.32,zh,wordfreq,66,1.0
有害,4.24,zh,wordfreq,80,1.0
有心,3.7,zh,wordfreq,114,1.0
有感,3.42,zh,wordfreq,81,1.0
有所,4.74,zh,wordfreq,72,1.0
有点像,3.52,zh,wordfreq,1,1.9
有用,4.43,zh,wordfreq,128,1.0
有线,3.86,zh,wordfreq,101,1.0
有过,5.03,zh,wordfreq,103,1.0
有违,3.35,zh,wordfreq,61,1.0
服役,4.01,zh,wordfreq,13,1.35
服饰,4.23,zh,wordfreq,12,1.4
朗读,3.44,zh,wordfreq,9,1.55
朝代,3.66,zh,wordfreq,30,1.0
朝野,3.62,zh,wordfreq,14,1.3
朝鲜族,3.52,zh,wordfreq,1,1.9
期间,5.42,zh,wordfreq,31,1.0
未果,3.41,zh,wordfreq,28,1.0
未知,4.19,zh,wordfreq,32,1.0
未能,4.36,zh,wordfreq,45,1.0
末日,3.94,zh,wordfreq,43,1.0
末端,3.57,zh,wordfreq,19,1.05
本意,3.71,zh,wordfreq,88,1.0
本科,4.3,zh,wordfreq,53,1.0
本金,3.35,zh,wordfreq,57,1.0
本领,3.8,zh,wordfreq,49,1.0
术语,4.06,zh,wordfreq,30,1.0
朴槿惠,3.43,zh,wordfreq,0,2.65
朴素,3.63,zh,wordfreq,9,1.55
机会,5.43,zh,wordfreq,82,1.0
机密,4.23,zh,wordfreq,44,1.0
机房,3.52,zh,wordfreq,50,1.0
机械,4.93,zh,wordfreq,32,1.0
机能,3.97,zh,wordfreq,63,1.0
杀人犯,3.7,zh,wordfreq,1,1.85
杂交,3.85,zh,wordfreq,22,1.0
杂物,3.36,zh,wordfreq,40,1.0
权益,4.59,zh,wordfreq,17,1.15
权衡,3.47,zh,wordfreq,12,1.4
李白,3.51,zh,wordfreq,20,1.0
村委会,3.65,zh,wordfreq,5,1.75
杜威,3.36,zh,wordfreq,5,1.75
束缚,4.13,zh,wordfreq,0,2.0
条目,3.89,zh,wordfreq,25,1.0
条约,4.71,zh,wordfreq,27,1.0
来回,3.91,zh,wordfreq,39,1.0
来说,5.32,zh,wordfreq,48,1.0
杰作,3.75,zh,wordfreq,35,1.0
松开,3.38,zh,wordfreq,39,1.0
板块,4.11,zh,wordfreq,14,1.3
极其,4.42,zh,wordfreq,27,1.0
极富,3.4,zh,wordfreq,28,1.0
极权,3.58,zh,wordfreq,54,1.0
构思,3.83,zh,wordfreq,15,1.25
构架,3.36,zh,wordfreq,19,1.05
枕头,3.91,zh,wordfreq,73,1.0
林中,3.49,zh,wordfreq,57,1.0
果子,3.45,zh,wordfreq,179,1.0
枪战,3.57,zh,wordfreq,48,1.0
枯竭,3.55,zh,wordfreq,2,1.9
柏林,4.31,zh,wordfreq,19,1.0
某一,3.74,zh,wordfreq,29,1.0
某某,3.86,zh,wordfreq,7,1.65
柔性,3.38,zh,wordfreq,47,1.0
查处,3.96,zh,wordfreq,45,1.0
查封,3.58,zh,wordfreq,18,1.1
柴油机,4.1,zh,wordfreq,0,1.95
栅栏,3.55,zh,wordfreq,2,1.9
标本,3.88,zh,wordfreq,34,1.0
标语,4.3,zh,wordfreq,42,1.0
栖息地,3.51,zh,wordfreq,0,1.95
校对,4.06,zh,wordfreq,24,1.0
校方,3.73,zh,wordfreq,52,1.0
校长,4.74,zh,wordfreq,81,1.0
株洲,3.39,zh,wordfreq,8,1.6
样貌,3.56,zh,wordfreq,13,1.35
核实,3.85,zh,wordfreq,39,1.0
核潜艇,3.5,zh,wordfreq,0,1.95
核酸,3.41,zh,wordfreq,15,1.25
根源,4.15,zh,wordfreq,19,1.05
栽培,3.9,zh,wordfreq,1,1.95
案发,3.58,zh,wordfreq,52,1.0
桌面,3.81,zh,wordfreq,58,1.0
档期,3.35,zh,wordfreq,37,1.0
桥梁,4.48,zh,wordfreq,1,1.95
梦境,3.73,zh,wordfreq,23,1.0
梦幻,3.98,zh,wordfreq,9,1.55
梦想,4.86,zh,wordfreq,28,1.0
梯度,3.34,zh,wordfreq,50,1.0
棋盘,3.45,zh,wordfreq,17,1.15
棍子,3.49,zh,wordfreq,173,1.0
棒球,4.09,zh,wordfreq,24,1.0
棕榈,3.58,zh,wordfreq,1,1.95
概要,3.41,zh,wordfreq,34,1.0
概览,3.48,zh,wordfreq,13,1.35
概论,3.74,zh,wordfreq,26,1.0
概述,3.94,zh,wordfreq,26,1.0
模式,5.2,zh,wordfreq,30,1.0
模板,3.64,zh,wordfreq,25,1.0
模样,4.24,zh,wordfreq,30,1.0
模特,4.51,zh,wordfreq,37,1.0
欠缺,3.77,zh,wordfreq,5,1.75
次子,3.33,zh,wordfreq,178,1.0
欢笑,3.58,zh,wordfreq,18,1.1
欣慰,3.75,zh,wordfreq,4,1.8
欺骗,4.38,zh,wordfreq,6,1.7
款待,3.5,zh,wordfreq,13,1.35
款项,3.9,zh,wordfreq,22,1.0
歌颂,3.87,zh,wordfreq,11,1.45
正值,3.74,zh,wordfreq,44,1.0
正在,5.47,zh,wordfreq,50,1.0
正派,3.33,zh,wordfreq,45,1.0
此举,4.2,zh,wordfreq,29,1.0
此事,4.52,zh,wordfreq,76,1.0
此次,4.74,zh,wordfreq,54,1.0
此生,3.42,zh,wordfreq,68,1.0
此行,3.5,zh,wordfreq,84,1.0
步行,4.14,zh,wordfreq,70,1.0
武功,3.9,zh,wordfreq,21,1.0
武林,3.74,zh,wordfreq,32,1.0
武汉市,3.89,zh,wordfreq,0,1.95
歧视,4.54,zh,wordfreq,28,1.0
死尸,3.38,zh,wordfreq,12,1.4
死活,3.6,zh,wordfreq,21,1.0
残疾,4.04,zh,wordfreq,13,1.3
殿下,3.67,zh,wordfreq,70,1.0
殿堂,3.51,zh,wordfreq,14,1.3
毁掉,3.77,zh,wordfreq,20,1.0
毁灭,4.44,zh,wordfreq,7,1.6
毅然,3.4,zh,wordfreq,29,1.0
每个,5.37,zh,wordfreq,59,1.0
每到,3.38,zh,wordfreq,74,1.0
每秒,3.59,zh,wordfreq,24,1.0
毒死,3.47,zh,wordfreq,34,1.0
毒素,3.87,zh,wordfreq,17,1.15
毒贩,3.74,zh,wordfreq,10,1.5
比利,4.11,zh,wordfreq,65,1.0
比赛,5.37,zh,wordfreq,32,1.0
毫不,4.13,zh,wordfreq,12,1.4
毫升,3.35,zh,wordfreq,10,1.5
民主,5.51,zh,wordfreq,50,1.0
民主党,4.43,zh,wordfreq,3,1.8
民主派,3.7,zh,wordfreq,2,1.85
民事,4.05,zh,wordfreq,85,1.0
民政局,3.41,zh,wordfreq,1,1.85
民权,3.82,zh,wordfreq,60,1.0
民谣,3.54,zh,wordfreq,30,1.0
气势,3.76,zh,wordfreq,39,1.0
气旋,3.62,zh,wordfreq,20,1.0
气温,4.27,zh,wordfreq,24,1.0
氧气,3.94,zh,wordfreq,43,1.0
水井,3.34,zh,wordfreq,48,1.0
水体,3.44,zh,wordfreq,98,1.0
水泥,4.3,zh,wordfreq,48,1.0
水流,3.89,zh,wordfreq,72,1.0
水灾,3.7,zh,wordfreq,55,1.0
水质,3.97,zh,wordfreq,69,1.0
水路,3.53,zh,wordfreq,82,1.0
水运,3.38,zh,wordfreq,66,1.0
水面,4.13,zh,wordfreq,103,1.0
永福,3.45,zh,wordfreq,12,1.4
汇编,3.63,zh,wordfreq,16,1.2
汇聚,3.74,zh,wordfreq,16,1.2
汉人,4.1,zh,wordfreq,157,1.0
汉代,3.54,zh,wordfreq,40,1.0
汉口,3.82,zh,wordfreq,54,1.0
汉朝,3.32,zh,wordfreq,25,1.0
江淮,3.4,zh,wordfreq,13,1.35
江苏,4.85,zh,wordfreq,14,1.25
江西,4.6,zh,wordfreq,31,1.0
污秽,3.39,zh,wordfreq,6,1.7
汽油,4.15,zh,wordfreq,13,1.35
沃尔特,3.44,zh,wordfreq,2,1.85
沉没,3.66,zh,wordfreq,17,1.15
沉着,3.34,zh,wordfreq,51,1.0
沉船,3.49,zh,wordfreq,25,1.0
沙巴,3.63,zh,wordfreq,22,1.0
沙特,4.01,zh,wordfreq,39,1.0
沙龙,3.74,zh,wordfreq,23,1.0
没意思,3.37,zh,wordfreq,1,1.9
没收,4.38,zh,wordfreq,20,1.0
沦落,3.44,zh,wordfreq,28,1.0
河南,4.72,zh,wordfreq,36,1.0
油田,3.81,zh,wordfreq,19,1.05
油画,3.9,zh,wordfreq,21,1.0
治愈,4.08,zh,wordfreq,7,1.65
沿江,3.35,zh,wordfreq,18,1.1
沿海,4.41,zh,wordfreq,33,1.0
沿途,3.71,zh,wordfreq,15,1.25
泄密,3.41,zh,wordfreq,16,1.2
泉水,3.59,zh,wordfreq,47,1.0
法则,4.14,zh,wordfreq,37,1.0
法师,3.96,zh,wordfreq,47,1.0
法律,5.5,zh,wordfreq,35,1.0
波兰,4.61,zh,wordfreq,22,1.0
波兰人,3.35,zh,wordfreq,1,1.9
波波,3.53,zh,wordfreq,19,1.05
波长,3.7,zh,wordfreq,82,1.0
波音,4.11,zh,wordfreq,31,1.0
注销,3.83,zh,wordfreq,26,1.0
泰勒,4.0,zh,wordfreq,8,1.6
泳装,3.45,zh,wordfreq,23,1.0
洁净,3.63,zh,wordfreq,3,1.85
洗衣服,3.35,zh,wordfreq,3,1.75
洛夫,3.74,zh,wordfreq,22,1.0
津贴,4.1,zh,wordfreq,3,1.85
活儿,3.65,zh,wordfreq,39,1.0
派出,4.36,zh,wordfreq,84,1.0
派驻,3.71,zh,wordfreq,9,1.55
流下,3.53,zh,wordfreq,100,1.0
流产,3.79,zh,wordfreq,57,1.0
流向,4.01,zh,wordfreq,66,1.0
流星,3.56,zh,wordfreq,58,1.0
流浪汉,3.47,zh,wordfreq,0,1.95
流经,3.84,zh,wordfreq,48,1.0
流血,4.07,zh,wordfreq,41,1.0
流行,4.72,zh,wordfreq,96,1.0
流量,4.5,zh,wordfreq,73,1.0
济州,3.39,zh,wordfreq,35,1.0
浙江省,4.05,zh,wordfreq,0,1.95
浮雕,3.43,zh,wordfreq,5,1.75
海伦,3.58,zh,wordfreq,44,1.0
海地,3.73,zh,wordfreq,107,1.0
海岸,4.37,zh,wordfreq,54,1.0
海平面,3.55,zh,wordfreq,0,1.9
海报,4.18,zh,wordfreq,74,1.0
海洋,4.73,zh,wordfreq,48,1.0
海洛因,3.38,zh,wordfreq,0,2.0
海滨,3.81,zh,wordfreq,43,1.0
浸泡,3.48,zh,wordfreq,3,1.85
消遣,3.47,zh,wordfreq,16,1.2
消防,4.2,zh,wordfreq,21,1.0
涉足,3.68,zh,wordfreq,12,1.4
涡轮,3.82,zh,wordfreq,8,1.6
涨幅,3.95,zh,wordfreq,9,1.55
淋浴,3.32,zh,wordfreq,1,1.95
淑女,3.58,zh,wordfreq,20,1.0
淘汰,4.41,zh,wordfreq,2,1.9
深入,4.79,zh,wordfreq,89,1.0
深切,3.73,zh,wordfreq,38,1.0
深层次,3.47,zh,wordfreq,0,1.9
深沉,3.48,zh,wordfreq,30,1.0
深深,4.25,zh,wordfreq,34,1.0
混在,3.33,zh,wordfreq,30,1.0
淹没,3.92,zh,wordfreq,4,1.8
清宫,3.51,zh,wordfreq,39,1.0
清明,3.59,zh,wordfreq,62,1.0
清晰,4.42,zh,wordfreq,31,1.0
清除,4.29,zh,wordfreq,48,1.0
清风,3.45,zh,wordfreq,52,1.0
渊源,3.74,zh,wordfreq,14,1.3
渡过,3.88,zh,wordfreq,44,1.0
温差,3.39,zh,wordfreq,21,1.0
温暖,4.48,zh,wordfreq,13,1.35
港币,3.75,zh,wordfreq,17,1.15
港澳,4.03,zh,wordfreq,10,1.45
游乐,3.48,zh,wordfreq,30,1.0
游乐场,3.57,zh,wordfreq,2,1.85
游击,3.81,zh,wordfreq,42,1.0
游行,4.9,zh,wordfreq,80,1.0
湄公河,3.34,zh,wordfreq,0,2.0
湖人,3.45,zh,wordfreq,150,1.0
湖泊,4.21,zh,wordfreq,11,1.45
溶于,3.46,zh,wordfreq,54,1.0
滑雪,3.95,zh,wordfreq,9,1.55
滚蛋,3.58,zh,wordfreq,9,1.55
滞后,3.51,zh,wordfreq,40,1.0
滞留,3.78,zh,wordfreq,13,1.35
满分,3.72,zh,wordfreq,49,1.0
满心,3.33,zh,wordfreq,68,1.0
演习,4.09,zh,wordfreq,23,1.0
演员,4.85,zh,wordfreq,39,1.0
演练,3.73,zh,wordfreq,20,1.0
演进,3.62,zh,wordfreq,41,1.0
漫长,4.3,zh,wordfreq,73,1.0
潍坊,3.45,zh,wordfreq,3,1.85
潜伏,3.75,zh,wordfreq,10,1.5
潜艇,4.19,zh,wordfreq,12,1.35
潮州,3.49,zh,wordfreq,36,1.0
潮湿,3.86,zh,wordfreq,4,1.8
激情,4.36,zh,wordfreq,58,1.0
激起,4.0,zh,wordfreq,46,1.0
火化,3.39,zh,wordfreq,63,1.0
火星,4.2,zh,wordfreq,49,1.0
火花,3.77,zh,wordfreq,44,1.0
火鸡,3.52,zh,wordfreq,29,1.0
灰尘,3.75,zh,wordfreq,3,1.85
灰烬,3.39,zh,wordfreq,2,1.9
灵感,4.18,zh,wordfreq,26,1.0
灵气,3.45,zh,wordfreq,48,1.0
灾情,3.56,zh,wordfreq,49,1.0
炮弹,3.85,zh,wordfreq,16,1.2
点心,3.83,zh,wordfreq,69,1.0
点数,3.4,zh,wordfreq,47,1.0
点点,3.71,zh,wordfreq,80,1.0
点燃,4.06,zh,wordfreq,16,1.2
烟花,3.63,zh,wordfreq,26,1.0
热力,3.35,zh,wordfreq,94,1.0
热带,4.39,zh,wordfreq,44,1.0
热情,4.75,zh,wordfreq,67,1.0
热血,3.93,zh,wordfreq,32,1.0
热议,3.46,zh,wordfreq,38,1.0
烹调,3.61,zh,wordfreq,22,1.0
焚烧,3.88,zh,wordfreq,5,1.75
焦虑,4.24,zh,wordfreq,6,1.7
照相,3.76,zh,wordfreq,22,1.0
照耀,3.51,zh,wordfreq,14,1.3
煽情,3.34,zh,wordfreq,45,1.0
熟女,3.59,zh,wordfreq,26,1.0
燃烧,4.35,zh,wordfreq,8,1.6
燃起,3.45,zh,wordfreq,36,1.0
爆发,4.94,zh,wordfreq,56,1.0
爱丽丝,3.72,zh,wordfreq,0,2.0
爱好者,4.2,zh,wordfreq,1,1.9
爱子,3.38,zh,wordfreq,189,1.0
爱美,3.51,zh,wordfreq,38,1.0
父女,3.46,zh,wordfreq,23,1.0
爸妈,3.92,zh,wordfreq,9,1.55
爸爸,4.88,zh,wordfreq,3,1.85
版图,3.81,zh,wordfreq,20,1.0
牛津,3.6,zh,wordfreq,5,1.75
牢记,3.68,zh,wordfreq,17,1.15
牧场,3.89,zh,wordfreq,56,1.0
物业,4.11,zh,wordfreq,45,1.0
物流,4.38,zh,wordfreq,36,1.0
牵动,3.58,zh,wordfreq,66,1.0
特产,3.79,zh,wordfreq,61,1.0
特意,3.94,zh,wordfreq,85,1.0
特斯拉,3.54,zh,wordfreq,0,1.9
特朗普,4.13,zh,wordfreq,0,2.0
特此,3.39,zh,wordfreq,50,1.0
特殊,4.99,zh,wordfreq,37,1.0
特派,3.43,zh,wordfreq,52,1.0
特长,3.76,zh,wordfreq,105,1.0
犯下,3.85,zh,wordfreq,74,1.0
犹太人,4.53,zh,wordfreq,1,1.9
狗屎,3.41,zh,wordfreq,4,1.8
狙击手,3.58,zh,wordfreq,0,1.95
独家,4.15,zh,wordfreq,80,1.0
独特,4.73,zh,wordfreq,38,1.0
独裁者,4.03,zh,wordfreq,0,1.95
猎豹,3.4,zh,wordfreq,6,1.7
猩猩,3.6,zh,wordfreq,0,1.95
猫咪,3.77,zh,wordfreq,2,1.9
猫头鹰,3.54,zh,wordfreq,0,2.0
献身,3.75,zh,wordfreq,41,1.0
玄武,3.35,zh,wordfreq,8,1.6
玉林,3.4,zh,wordfreq,21,1.0
王冠,3.53,zh,wordfreq,24,1.0
王国,4.62,zh,wordfreq,75,1.0
王牌,3.9,zh,wordfreq,35,1.0
玩偶,3.63,zh,wordfreq,16,1.2
玩意儿,3.93,zh,wordfreq,0,1.9
环球,4.23,zh,wordfreq,29,1.0
现今,4.36,zh,wordfreq,29,1.0
现出,3.54,zh,wordfreq,100,1.0
现场,5.21,zh,wordfreq,75,1.0
现役,3.82,zh,wordfreq,27,1.0
现货,3.69,zh,wordfreq,38,1.0
珊瑚礁,3.47,zh,wordfreq,0,2.9
班车,3.38,zh,wordfreq,54,1.0
班长,3.77,zh,wordfreq,75,1.0
球场,4.13,zh,wordfreq,60,1.0
球迷,4.31,zh,wordfreq,14,1.3
理查德,3.74,zh,wordfreq,0,1.9
理解,5.18,zh,wordfreq,37,1.0
瑞士,4.41,zh,wordfreq,32,1.0
瑞斯,3.49,zh,wordfreq,46,1.0
瑟夫,3.59,zh,wordfreq,17,1.1
瓦斯,3.89,zh,wordfreq,46,1.0
甘地,3.43,zh,wordfreq,69,1.0
甘心,3.7,zh,wordfreq,57,1.0
甜甜,3.37,zh,wordfreq,6,1.7
甜蜜,4.01,zh,wordfreq,8,1.6
生产者,3.67,zh,wordfreq,4,1.75
生效,4.4,zh,wordfreq,49,1.0
生活,5.81,zh,wordfreq,46,1.0
生猪,3.54,zh,wordfreq,38,1.0
生理,4.29,zh,wordfreq,76,1.0
用人,3.89,zh,wordfreq,168,1.0
用功,3.35,zh,wordfreq,36,1.0
用尽,3.58,zh,wordfreq,34,1.0
用量,3.55,zh,wordfreq,69,1.0
田径,3.84,zh,wordfreq,11,1.45
由于,5.63,zh,wordfreq,53,1.0
申诉,4.19,zh,wordfreq,13,1.35
申请书,3.43,zh,wordfreq,2,1.85
电厂,3.9,zh,wordfreq,46,1.0
电工,3.68,zh,wordfreq,73,1.0
电梯,4.26,zh,wordfreq,45,1.0
电池,4.4,zh,wordfreq,47,1.0
电网,3.79,zh,wordfreq,50,1.0
电视,5.25,zh,wordfreq,71,1.0
电费,3.55,zh,wordfreq,61,1.0
电邮,3.62,zh,wordfreq,43,1.0
男儿,3.39,zh,wordfreq,40,1.0
男士,3.96,zh,wordfreq,43,1.0
男篮,3.45,zh,wordfreq,17,1.15
画家,4.43,zh,wordfreq,78,1.0
界线,3.86,zh,wordfreq,43,1.0
留下,4.94,zh,wordfreq,80,1.0
留住,3.67,zh,wordfreq,34,1.0
留意,4.1,zh,wordfreq,61,1.0
略有,3.55,zh,wordfreq,70,1.0
疆域,3.46,zh,wordfreq,8,1.6
疑似,4.03,zh,wordfreq,13,1.35
疑难,3.38,zh,wordfreq,23,1.0
疫苗,4.42,zh,wordfreq,1,1.95
疲劳,3.83,zh,wordfreq,8,1.6
病变,3.58,zh,wordfreq,32,1.0
病床,3.52,zh,wordfreq,20,1.0
症结,3.45,zh,wordfreq,16,1.2
痊愈,3.69,zh,wordfreq,1,1.95
瘦肉精,3.35,zh,wordfreq,0,2.0
瘫痪,4.08,zh,wordfreq,0,2.0
白云,3.66,zh,wordfreq,25,1.0
白色,4.6,zh,wordfreq,56,1.0
白虎,3.56,zh,wordfreq,22,1.0
白话,3.55,zh,wordfreq,47,1.0
白雪,3.47,zh,wordfreq,24,1.0
白领,3.83,zh,wordfreq,29,1.0
百度,4.84,zh,wordfreq,60,1.0
皇上,4.1,zh,wordfreq,85,1.0
皇族,3.47,zh,wordfreq,30,1.0
皈依,3.56,zh,wordfreq,0,2.0
皱纹,3.55,zh,wordfreq,3,1.85
盈利,4.32,zh,wordfreq,44,1.0
盐城,3.36,zh,wordfreq,24,1.0
监听,3.71,zh,wordfreq,23,1.0
监理,3.52,zh,wordfreq,53,1.0
盗窃,3.94,zh,wordfreq,5,1.75
盘子,3.82,zh,wordfreq,175,1.0
盟国,3.64,zh,wordfreq,57,1.0
目光,4.33,zh,wordfreq,31,1.0
目前,5.62,zh,wordfreq,32,1.0
直属,4.16,zh,wordfreq,38,1.0
直指,3.52,zh,wordfreq,31,1.0
直立,3.37,zh,wordfreq,44,1.0
直视,3.45,zh,wordfreq,51,1.0
直达,3.85,zh,wordfreq,37,1.0
相互,4.76,zh,wordfreq,45,1.0
相助,3.41,zh,wordfreq,60,1.0
相差,3.95,zh,wordfreq,54,1.0
相应,4.76,zh,wordfreq,58,1.0
相撞,3.58,zh,wordfreq,46,1.0
相机,4.39,zh,wordfreq,84,1.0
相约,3.55,zh,wordfreq,64,1.0
省会,3.87,zh,wordfreq,60,1.0
省市,3.67,zh,wordfreq,25,1.0
省级,4.29,zh,wordfreq,38,1.0
看作,3.92,zh,wordfreq,62,1.0
看守所,3.59,zh,wordfreq,0,1.95
看法,4.79,zh,wordfreq,77,1.0
看电视,3.86,zh,wordfreq,0,1.95
看穿,3.44,zh,wordfreq,34,1.0
看著,3.35,zh,wordfreq,42,1.0
真伪,3.55,zh,wordfreq,25,1.0
真心,4.28,zh,wordfreq,77,1.0
真是,5.22,zh,wordfreq,61,1.0
真能,3.62,zh,wordfreq,57,1.0
真话,3.8,zh,wordfreq,52,1.0
眼前,4.57,zh,wordfreq,41,1.0
眼皮,3.35,zh,wordfreq,22,1.0
眼眶,3.41,zh,wordfreq,15,1.25
着想,3.98,zh,wordfreq,33,1.0
睡不着,3.69,zh,wordfreq,1,1.9
睡眠,4.16,zh,wordfreq,5,1.75
瞎子,3.65,zh,wordfreq,173,1.0
知名,4.72,zh,wordfreq,79,1.0
知情,3.88,zh,wordfreq,56,1.0
知晓,3.99,zh,wordfreq,14,1.3
知青,3.49,zh,wordfreq,17,1.15
知音,3.35,zh,wordfreq,30,1.0
短片,4.34,zh,wordfreq,38,1.0
石棉,3.33,zh,wordfreq,16,1.2
石榴,3.48,zh,wordfreq,16,1.2
石膏,3.44,zh,wordfreq,17,1.15
矿产,4.04,zh,wordfreq,33,1.0
矿工,3.71,zh,wordfreq,38,1.0
研究生,4.49,zh,wordfreq,6,1.65
砖头,3.47,zh,wordfreq,73,1.0
破坏,5.13,zh,wordfreq,20,1.0
破解,4.1,zh,wordfreq,35,1.0
破译,3.62,zh,wordfreq,17,1.15
硅谷,3.55,zh,wordfreq,5,1.75
确信,4.06,zh,wordfreq,31,1.0
碱性,3.4,zh,wordfreq,45,1.0
磋商,3.8,zh,wordfreq,13,1.35
示意图,3.33,zh,wordfreq,0,1.9
示范区,3.5,zh,wordfreq,0,1.95
礼堂,3.68,zh,wordfreq,20,1.0
社交,4.55,zh,wordfreq,25,1.0
社区,5.28,zh,wordfreq,52,1.0
社群,4.11,zh,wordfreq,18,1.1
社论,3.92,zh,wordfreq,28,1.0
神像,3.76,zh,wordfreq,41,1.0
神情,3.64,zh,wordfreq,66,1.0
神话,4.46,zh,wordfreq,50,1.0
祠堂,3.35,zh,wordfreq,12,1.4
祭祀,3.97,zh,wordfreq,3,1.85
禁用,3.71,zh,wordfreq,78,1.0
禁锢,3.49,zh,wordfreq,11,1.45
禅师,3.4,zh,wordfreq,19,1.05
福尔,3.36,zh,wordfreq,54,1.0
福州,4.25,zh,wordfreq,43,1.0
福建省,3.88,zh,wordfreq,0,1.95
离不开,3.91,zh,wordfreq,1,1.9
离谱,3.61,zh,wordfreq,17,1.15
私利,3.53,zh,wordfreq,55,1.0
秉持,3.56,zh,wordfreq,10,1.5
种种,4.74,zh,wordfreq,36,1.0
科举,3.89,zh,wordfreq,25,1.0
科学界,3.37,zh,wordfreq,2,1.8
科学院,4.35,zh,wordfreq,6,1.6
科室,3.49,zh,wordfreq,26,1.0
科普,4.01,zh,wordfreq,19,1.05
租借,3.76,zh,wordfreq,7,1.65
租界,3.65,zh,wordfreq,20,1.0
租车,3.43,zh,wordfreq,54,1.0
称为,5.07,zh,wordfreq,52,1.0
称号,4.4,zh,wordfreq,39,1.0
称赞,4.09,zh,wordfreq,9,1.55
称霸,3.44,zh,wordfreq,10,1.5
程序员,3.57,zh,wordfreq,0,1.95
稳定性,3.91,zh,wordfreq,1,1.85
稻米,3.42,zh,wordfreq,16,1.2
稻草,3.51,zh,wordfreq,7,1.65
空姐,3.79,zh,wordfreq,27,1.0
空想,3.39,zh,wordfreq,45,1.0
空气,4.75,zh,wordfreq,64,1.0
穿戴,3.73,zh,wordfreq,10,1.5
穿着,4.51,zh,wordfreq,45,1.0
穿衣,3.46,zh,wordfreq,21,1.0
穿透,3.65,zh,wordfreq,11,1.45
窃取,3.82,zh,wordfreq,27,1.0
窗户,4.13,zh,wordfreq,19,1.05
立功,3.49,zh,wordfreq,23,1.0
立场,4.86,zh,wordfreq,68,1.0
立宪,3.57,zh,wordfreq,18,1.1
立案,3.96,zh,wordfreq,42,1.0
站住,3.35,zh,wordfreq,27,1.0
章节,3.94,zh,wordfreq,18,1.1
童装,3.46,zh,wordfreq,25,1.0
竭力,3.71,zh,wordfreq,71,1.0
笑声,3.89,zh,wordfreq,32,1.0
笑脸,3.62,zh,wordfreq,9,1.55
笑话,4.45,zh,wordfreq,32,1.0
笨蛋,4.1,zh,wordfreq,8,1.6
第一代,3.48,zh,wordfreq,36,1.0
第一本,3.32,zh,wordfreq,32,1.0
第一次,5.15,zh,wordfreq,37,1.0
第一步,3.98,zh,wordfreq,33,1.0
第一集,3.72,zh,wordfreq,33,1.0
第三代,3.59,zh,wordfreq,13,1.25
第三次,4.15,zh,wordfreq,16,1.1
第三者,3.42,zh,wordfreq,11,1.35
第二批,3.53,zh,wordfreq,21,1.0
第二章,3.37,zh,wordfreq,20,1.0
第五,4.34,zh,wordfreq,12,1.3
第五届,3.85,zh,wordfreq,10,1.45
第四个,3.58,zh,wordfreq,7,1.55
等级,4.7,zh,wordfreq,38,1.0
答题,3.46,zh,wordfreq,15,1.25
筹委会,3.33,zh,wordfreq,5,1.75
筹措,3.62,zh,wordfreq,10,1.5
筹集,3.7,zh,wordfreq,31,1.0
签订,4.64,zh,wordfreq,12,1.4
简易,4.05,zh,wordfreq,25,1.0
简短,3.77,zh,wordfreq,22,1.0
简称,4.79,zh,wordfreq,48,1.0
算了,4.29,zh,wordfreq,13,1.3
算命,3.5,zh,wordfreq,25,1.0
管理层,3.62,zh,wordfreq,4,1.75
管用,3.44,zh,wordfreq,77,1.0
箴言,3.33,zh,wordfreq,27,1.0
篡改,3.67,zh,wordfreq,5,1.75
米尔,3.97,zh,wordfreq,55,1.0
粉丝,4.52,zh,wordfreq,9,1.55
粗俗,3.44,zh,wordfreq,13,1.35
粗糙,3.77,zh,wordfreq,6,1.7
粽子,3.54,zh,wordfreq,172,1.0
精灵,4.27,zh,wordfreq,34,1.0
精神病,3.99,zh,wordfreq,0,1.95
精细,3.82,zh,wordfreq,30,1.0
精锐,3.45,zh,wordfreq,29,1.0
精髓,3.58,zh,wordfreq,29,1.0
系列,5.31,zh,wordfreq,15,1.2
紧缩,3.92,zh,wordfreq,18,1.1
紧要,3.39,zh,wordfreq,39,1.0
紧迫,3.84,zh,wordfreq,17,1.15
紫外线,3.49,zh,wordfreq,1,1.95
累计,4.5,zh,wordfreq,16,1.2
繁华,3.67,zh,wordfreq,28,1.0
繁多,3.63,zh,wordfreq,25,1.0
纠正,4.28,zh,wordfreq,18,1.1
红树林,3.44,zh,wordfreq,0,1.95
红茶,3.37,zh,wordfreq,21,1.0
红衣,3.52,zh,wordfreq,31,1.0
约束,4.31,zh,wordfreq,11,1.45
约翰,4.71,zh,wordfreq,7,1.6
约翰逊,3.78,zh,wordfreq,0,2.3
纪检组,3.33,zh,wordfreq,0,1.95
纯净,3.76,zh,wordfreq,9,1.55
纯正,3.56,zh,wordfreq,21,1.0
纳尔逊,3.4,zh,wordfreq,1,1.95
纳税,4.01,zh,wordfreq,16,1.15
纳闷,3.78,zh,wordfreq,8,1.6
纸条,3.71,zh,wordfreq,21,1.0
纸牌,3.54,zh,wordfreq,19,1.05
线条,3.85,zh,wordfreq,22,1.0
线路,4.56,zh,wordfreq,40,1.0
组织,5.84,zh,wordfreq,13,1.2
绅士,3.97,zh,wordfreq,28,1.0
细微,3.69,zh,wordfreq,15,1.25
细菌,4.21,zh,wordfreq,13,1.35
终日,3.33,zh,wordfreq,52,1.0
经商,3.88,zh,wordfreq,28,1.0
经济,5.87,zh,wordfreq,17,1.0
经济学,4.48,zh,wordfreq,3,1.8
绑定,3.62,zh,wordfreq,53,1.0
结冰,3.49,zh,wordfreq,20,1.0
结婚,5.0,zh,wordfreq,29,1.0
结算,4.23,zh,wordfreq,37,1.0
绘制,3.96,zh,wordfreq,39,1.0
绝不会,3.83,zh,wordfreq,2,1.8
绝地,3.75,zh,wordfreq,80,1.0
绝境,3.43,zh,wordfreq,33,1.0
绝缘,3.49,zh,wordfreq,20,1.0
绝迹,3.38,zh,wordfreq,25,1.0
统一,5.22,zh,wordfreq,32,1.0
继母,3.64,zh,wordfreq,17,1.15
绳子,3.86,zh,wordfreq,173,1.0
维亚,3.67,zh,wordfreq,30,1.0
维修,4.47,zh,wordfreq,27,1.0
维克多,3.46,zh,wordfreq,0,1.9
维生素,4.06,zh,wordfreq,1,1.95
综合,5.29,zh,wordfreq,31,1.0
综合征,3.58,zh,wordfreq,2,1.85
绿卡,3.34,zh,wordfreq,10,1.5
缓和,4.07,zh,wordfreq,19,1.05
缓缓,3.61,zh,wordfreq,12,1.4
缔约国,3.54,zh,wordfreq,0,1.95
编成,3.73,zh,wordfreq,61,1.0
编组,3.44,zh,wordfreq,30,1.0
编造,3.77,zh,wordfreq,34,1.0
缩写,3.95,zh,wordfreq,17,1.15
缺点,4.35,zh,wordfreq,71,1.0
网格,3.35,zh,wordfreq,35,1.0
网站,5.82,zh,wordfreq,26,1.0
罗列,3.4,zh,wordfreq,20,1.0
罗斯,4.2,zh,wordfreq,49,1.0
罚金,3.64,zh,wordfreq,19,1.05
罢免,3.97,zh,wordfreq,13,1.35
罢工,4.42,zh,wordfreq,33,1.0
置业,3.36,zh,wordfreq,38,1.0
置信,3.48,zh,wordfreq,27,1.0
署名,3.71,zh,wordfreq,67,1.0
美人,3.84,zh,wordfreq,175,1.0
美国,6.14,zh,wordfreq,90,1.0
美的,4.43,zh,wordfreq,42,1.0
美美,3.58,zh,wordfreq,56,1.0
美誉,3.44,zh,wordfreq,40,1.0
美貌,3.68,zh,wordfreq,43,1.0
翰林院,3.39,zh,wordfreq,0,2.0
翻修,3.42,zh,wordfreq,17,1.15
翻开,3.5,zh,wordfreq,40,1.0
翻身,3.72,zh,wordfreq,46,1.0
老二,3.6,zh,wordfreq,51,1.0
老人家,3.81,zh,wordfreq,0,1.85
老公,4.68,zh,wordfreq,50,1.0
老外,3.98,zh,wordfreq,74,1.0
老大,4.29,zh,wordfreq,99,1.0
老头子,3.55,zh,wordfreq,0,1.85
老爷,3.9,zh,wordfreq,47,1.0
老龄,3.45,zh,wordfreq,45,1.0
考古学,3.39,zh,wordfreq,0,1.95
考核,4.48,zh,wordfreq,18,1.1
考研,3.67,zh,wordfreq,17,1.15
而且,5.65,zh,wordfreq,16,1.2
而后,4.12,zh,wordfreq,51,1.0
耗资,3.64,zh,wordfreq,18,1.1
耳机,3.88,zh,wordfreq,44,1.0
耳边,3.53,zh,wordfreq,32,1.0
耶鲁,3.44,zh,wordfreq,3,1.85
职业病,3.39,zh,wordfreq,0,1.95
职位,4.51,zh,wordfreq,55,1.0
职场,3.94,zh,wordfreq,62,1.0
联合国,5.0,zh,wordfreq,1,1.9
联名,3.76,zh,wordfreq,89,1.0
联赛,4.42,zh,wordfreq,32,1.0
聚合,3.89,zh,wordfreq,35,1.0
聚居,3.69,zh,wordfreq,21,1.0
聚焦,4.21,zh,wordfreq,7,1.65
肋骨,3.5,zh,wordfreq,1,1.95
肝癌,3.39,zh,wordfreq,5,1.75
肠胃,3.45,zh,wordfreq,2,1.9
股权,4.59,zh,wordfreq,38,1.0
肩上,3.68,zh,wordfreq,75,1.0
肯定,5.22,zh,wordfreq,53,1.0
肺部,3.49,zh,wordfreq,48,1.0
胁迫,3.84,zh,wordfreq,5,1.75
胃口,3.58,zh,wordfreq,37,1.0
胆怯,3.32,zh,wordfreq,4,1.8
背部,3.73,zh,wordfreq,60,1.0
胖子,4.18,zh,wordfreq,172,1.0
胜出,4.03,zh,wordfreq,85,1.0
胜利者,3.42,zh,wordfreq,0,1.95
胡耀邦,3.62,zh,wordfreq,0,2.0
胡说,3.81,zh,wordfreq,38,1.0
能够,5.54,zh,wordfreq,15,1.25
能比,3.49,zh,wordfreq,28,1.0
脉络,3.61,zh,wordfreq,5,1.75
脊髓,3.37,zh,wordfreq,3,1.85
脱口秀,3.47,zh,wordfreq,0,2.0
脱掉,3.56,zh,wordfreq,25,1.0
脱贫,3.73,zh,wordfreq,8,1.6
脸书,4.03,zh,wordfreq,34,1.0
腐朽,3.78,zh,wordfreq,5,1.75
腹地,3.5,zh,wordfreq,67,1.0
腾讯,4.49,zh,wordfreq,9,1.55
自决,3.37,zh,wordfreq,66,1.0
自动化,4.29,zh,wordfreq,1,1.9
自如,3.5,zh,wordfreq,68,1.0
自学,4.04,zh,wordfreq,94,1.0
自我,4.89,zh,wordfreq,58,1.0
自救,3.66,zh,wordfreq,70,1.0
自来水,3.64,zh,wordfreq,0,2.0
自焚,3.82,zh,wordfreq,57,1.0
自由度,3.33,zh,wordfreq,4,1.75
自行车,4.36,zh,wordfreq,0,1.9
自身,4.94,zh,wordfreq,95,1.0
自转,3.48,zh,wordfreq,70,1.0
至多,3.4,zh,wordfreq,24,1.0
至极,3.76,zh,wordfreq,16,1.2
至此,4.14,zh,wordfreq,22,1.0
致死,4.04,zh,wordfreq,37,1.0
舞厅,3.64,zh,wordfreq,12,1.4
舟山,3.34,zh,wordfreq,36,1.0
航天,4.07,zh,wordfreq,57,1.0
航海,3.86,zh,wordfreq,35,1.0
舰长,3.7,zh,wordfreq,72,1.0
舰队,4.36,zh,wordfreq,31,1.0
良心,4.08,zh,wordfreq,59,1.0
良机,3.35,zh,wordfreq,46,1.0
色狼,3.42,zh,wordfreq,5,1.75
色调,3.54,zh,wordfreq,26,1.0
艺术,5.44,zh,wordfreq,14,1.1
节约,4.16,zh,wordfreq,30,1.0
芒果,3.77,zh,wordfreq,16,1.2
芙蓉,3.56,zh,wordfreq,0,2.0
芜湖,3.68,zh,wordfreq,5,1.75
花坛,3.32,zh,wordfreq,22,1.0
花色,3.47,zh,wordfreq,55,1.0
花费,4.41,zh,wordfreq,36,1.0
苏共,3.53,zh,wordfreq,17,1.15
苏宁,3.64,zh,wordfreq,19,1.05
苏格兰,4.11,zh,wordfreq,1,1.95
苦头,3.47,zh,wordfreq,78,1.0
英俊,3.55,zh,wordfreq,15,1.25
英寸,4.04,zh,wordfreq,17,1.15
英文版,3.67,zh,wordfreq,1,1.9
英联邦,3.37,zh,wordfreq,0,1.95
英雄,4.97,zh,wordfreq,16,1.2
荆州,3.77,zh,wordfreq,34,1.0
草原,4.22,zh,wordfreq,19,1.05
草率,3.32,zh,wordfreq,27,1.0
草稿,3.49,zh,wordfreq,14,1.3
荒唐,3.9,zh,wordfreq,10,1.5
荔枝,3.64,zh,wordfreq,1,1.95
荣誉,4.61,zh,wordfreq,8,1.6
药用,3.46,zh,wordfreq,78,1.0
荷尔蒙,3.5,zh,wordfreq,0,2.0
莫扎特,3.36,zh,wordfreq,0,2.0
莱斯,3.59,zh,wordfreq,48,1.0
莱特,3.71,zh,wordfreq,33,1.0
菁英,3.47,zh,wordfreq,3,1.85
菊花,3.87,zh,wordfreq,21,1.0
菲律宾,4.78,zh,wordfreq,0,2.1
萝卜,3.59,zh,wordfreq,1,1.9
营口,3.37,zh,wordfreq,49,1.0
营救,3.94,zh,wordfreq,25,1.0
营运,4.33,zh,wordfreq,31,1.0
落户,3.7,zh,wordfreq,34,1.0
落泪,3.51,zh,wordfreq,20,1.0
葡萄,4.11,zh,wordfreq,0,1.9
董事长,4.36,zh,wordfreq,2,1.85
蒂姆,3.36,zh,wordfreq,6,1.7
蒙古国,3.42,zh,wordfreq,2,1.85
蒙古族,3.78,zh,wordfreq,2,1.85
蒙面,3.58,zh,wordfreq,60,1.0
蓬勃,3.69,zh,wordfreq,2,1.9
薄膜,3.48,zh,wordfreq,3,1.85
藉口,3.89,zh,wordfreq,40,1.0
藉由,4.05,zh,wordfreq,11,1.45
藏品,3.44,zh,wordfreq,33,1.0
虚空,3.37,zh,wordfreq,27,1.0
蛋糕,4.31,zh,wordfreq,3,1.85
蛋蛋,3.75,zh,wordfreq,9,1.55
蜿蜒,3.55,zh,wordfreq,0,2.0
蝴蝶,4.13,zh,wordfreq,0,2.0
螃蟹,3.62,zh,wordfreq,0,2.0
螺旋,3.77,zh,wordfreq,4,1.8
血管,4.03,zh,wordfreq,32,1.0
血糖,3.39,zh,wordfreq,14,1.3
行军,3.47,zh,wordfreq,58,1.0
行动,5.41,zh,wordfreq,87,1.0
行李,4.19,zh,wordfreq,28,1.0
行李箱,3.49,zh,wordfreq,0,1.95
行程,4.3,zh,wordfreq,53,1.0
行进,3.78,zh,wordfreq,54,1.0
衔接,3.92,zh,wordfreq,12,1.4
衙门,3.63,zh,wordfreq,45,1.0
补习,3.71,zh,wordfreq,18,1.1
表征,3.48,zh,wordfreq,29,1.0
表演,5.0,zh,wordfreq,34,1.0
表率,3.34,zh,wordfreq,38,1.0
表象,3.57,zh,wordfreq,38,1.0
衰退,4.01,zh,wordfreq,13,1.35
被删,3.42,zh,wordfreq,14,1.3
被判,4.17,zh,wordfreq,21,1.0
被告,4.5,zh,wordfreq,28,1.0
被盗,3.59,zh,wordfreq,18,1.1
裂变,3.37,zh,wordfreq,20,1.0
装扮,3.76,zh,wordfreq,15,1.25
装有,3.89,zh,wordfreq,82,1.0
装潢,3.43,zh,wordfreq,13,1.35
装置,4.72,zh,wordfreq,27,1.0
褐色,3.55,zh,wordfreq,37,1.0
西北部,3.95,zh,wordfreq,2,1.75
西南,4.48,zh,wordfreq,54,1.0
西岸,3.76,zh,wordfreq,47,1.0
西晋,3.59,zh,wordfreq,36,1.0
西欧,4.18,zh,wordfreq,38,1.0
西贡,3.37,zh,wordfreq,36,1.0
西门,3.83,zh,wordfreq,80,1.0
要命,3.69,zh,wordfreq,32,1.0
要花,3.46,zh,wordfreq,34,1.0
覆盖率,3.49,zh,wordfreq,0,1.95
见到,5.01,zh,wordfreq,62,1.0
见证,4.3,zh,wordfreq,28,1.0
规划,5.09,zh,wordfreq,16,1.2
规章,3.88,zh,wordfreq,24,1.0
视听,3.73,zh,wordfreq,21,1.0
视讯,3.64,zh,wordfreq,18,1.1
视野,4.25,zh,wordfreq,17,1.15
视频,5.5,zh,wordfreq,15,1.2
觊觎,3.32,zh,wordfreq,0,2.0
角逐,3.94,zh,wordfreq,6,1.7
解放军,4.41,zh,wordfreq,1,1.9
解答,4.12,zh,wordfreq,24,1.0
解释,5.3,zh,wordfreq,28,1.0
解雇,4.06,zh,wordfreq,21,1.0
言行,3.8,zh,wordfreq,67,1.0
警卫队,3.44,zh,wordfreq,1,1.85
警局,3.95,zh,wordfreq,36,1.0
计划书,3.34,zh,wordfreq,0,1.95
计较,3.75,zh,wordfreq,11,1.45
订婚,3.49,zh,wordfreq,15,1.25
订阅,4.03,zh,wordfreq,10,1.5
认为,5.93,zh,wordfreq,58,1.0
认同,4.58,zh,wordfreq,32,1.0
认购,3.61,zh,wordfreq,25,1.0
训练,5.12,zh,wordfreq,5,1.65
训练营,3.39,zh,wordfreq,1,1.9
讯号,3.84,zh,wordfreq,32,1.0
讯息,4.15,zh,wordfreq,14,1.3
记载,4.69,zh,wordfreq,26,1.0
讲学,3.47,zh,wordfreq,51,1.0
讲师,3.94,zh,wordfreq,33,1.0
许昌,3.35,zh,wordfreq,10,1.5
许诺,3.61,zh,wordfreq,9,1.55
论文,4.61,zh,wordfreq,55,1.0
设置,5.04,zh,wordfreq,23,1.0
访客,3.61,zh,wordfreq,18,1.1
诀窍,3.66,zh,wordfreq,0,2.0
证人,4.12,zh,wordfreq,148,1.0
证明,5.29,zh,wordfreq,39,1.0
证词,3.95,zh,wordfreq,19,1.05
识别,4.36,zh,wordfreq,20,1.0
识字率,3.55,zh,wordfreq,0,1.95
诉诸,3.41,zh,wordfreq,3,1.85
词句,3.34,zh,wordfreq,9,1.55
词汇,4.25,zh,wordfreq,6,1.7
译自,3.74,zh,wordfreq,16,1.2
试射,3.5,zh,wordfreq,27,1.0
试试看,3.89,zh,wordfreq,0,1.95
诗句,3.65,zh,wordfreq,15,1.25
话剧,3.94,zh,wordfreq,18,1.1
话筒,3.32,zh,wordfreq,4,1.8
话语,4.14,zh,wordfreq,33,1.0
话题,4.73,zh,wordfreq,15,1.25
询问,4.54,zh,wordfreq,18,1.1
该院,3.48,zh,wordfreq,37,1.0
详尽,3.83,zh,wordfreq,10,1.5
详述,3.32,zh,wordfreq,23,1.0
语境,3.44,zh,wordfreq,30,1.0
语言学,3.65,zh,wordfreq,0,1.95
误会,4.17,zh,wordfreq,57,1.0
诱导,3.8,zh,wordfreq,23,1.0
说些,3.55,zh,wordfreq,23,1.0
说服力,3.67,zh,wordfreq,0,1.95
说法,4.88,zh,wordfreq,61,1.0
说起,4.0,zh,wordfreq,47,1.0
请愿,4.34,zh,wordfreq,21,1.0
诸葛亮,3.75,zh,wordfreq,0,2.1
诺斯,3.41,zh,wordfreq,46,1.0
读取,3.65,zh,wordfreq,34,1.0
谁知,3.35,zh,wordfreq,21,1.0
调动,4.16,zh,wordfreq,81,1.0
调和,3.74,zh,wordfreq,35,1.0
调度,3.89,zh,wordfreq,70,1.0
调戏,3.42,zh,wordfreq,28,1.0
调理,3.5,zh,wordfreq,63,1.0
谈判,4.74,zh,wordfreq,14,1.3
谈谈,4.11,zh,wordfreq,16,1.2
谋取,3.57,zh,wordfreq,31,1.0
谋杀,4.58,zh,wordfreq,18,1.05
谣传,3.39,zh,wordfreq,10,1.5
豪宅,3.79,zh,wordfreq,6,1.7
豪斯,3.54,zh,wordfreq,46,1.0
豪杰,3.32,zh,wordfreq,5,1.75
豪门,3.57,zh,wordfreq,49,1.0
貌似,3.73,zh,wordfreq,7,1.65
贝勒,3.4,zh,wordfreq,9,1.55
负债,3.96,zh,wordfreq,11,1.45
财产,4.98,zh,wordfreq,37,1.0
财务,4.54,zh,wordfreq,35,1.0
败坏,3.77,zh,wordfreq,10,1.5
败诉,3.37,zh,wordfreq,12,1.4
质地,3.56,zh,wordfreq,71,1.0
质子,3.51,zh,wordfreq,178,1.0
贩售,3.68,zh,wordfreq,10,1.5
贩运,3.45,zh,wordfreq,23,1.0
贪婪,4.07,zh,wordfreq,4,1.8
贪污,4.3,zh,wordfreq,6,1.7
贫困,4.68,zh,wordfreq,8,1.6
购入,3.51,zh,wordfreq,66,1.0
贯穿,4.0,zh,wordfreq,5,1.75
贵妃,3.44,zh,wordfreq,8,1.6
贵妇,3.37,zh,wordfreq,17,1.15
费城,3.87,zh,wordfreq,27,1.0
资本,5.11,zh,wordfreq,32,1.0
资本家,4.33,zh,wordfreq,0,1.95
资格赛,3.53,zh,wordfreq,0,1.95
赎金,3.44,zh,wordfreq,20,1.0
赐予,3.63,zh,wordfreq,5,1.75
赛区,3.35,zh,wordfreq,55,1.0
赛后,3.71,zh,wordfreq,51,1.0
赛道,3.55,zh,wordfreq,52,1.0
赛马会,3.45,zh,wordfreq,0,1.95
赞同,4.29,zh,wordfreq,25,1.0
赢得,4.8,zh,wordfreq,34,1.0
走来,3.71,zh,wordfreq,72,1.0
走走,3.51,zh,wordfreq,34,1.0
走过,4.23,zh,wordfreq,60,1.0
走进,4.42,zh,wordfreq,44,1.0
赶走,4.03,zh,wordfreq,24,1.0
起先,3.35,zh,wordfreq,34,1.0
起火,3.85,zh,wordfreq,44,1.0
起码,4.23,zh,wordfreq,31,1.0
趁着,3.64,zh,wordfreq,38,1.0
超前,3.48,zh,wordfreq,42,1.0
超市,4.37,zh,wordfreq,33,1.0
超时,3.36,zh,wordfreq,57,1.0
越南,4.83,zh,wordfreq,28,1.0
越战,3.57,zh,wordfreq,48,1.0
趋向,3.94,zh,wordfreq,36,1.0
足球队,3.67,zh,wordfreq,2,1.8
跌幅,3.45,zh,wordfreq,10,1.5
跑道,3.89,zh,wordfreq,42,1.0
路亚,3.37,zh,wordfreq,30,1.0
路段,3.67,zh,wordfreq,29,1.0
路线,4.96,zh,wordfreq,58,1.0
路途,3.51,zh,wordfreq,25,1.0
路面,3.92,zh,wordfreq,74,1.0
跳伞,3.62,zh,wordfreq,11,1.45
践踏,3.77,zh,wordfreq,1,1.95
蹊跷,3.41,zh,wordfreq,0,2.0
身亡,4.31,zh,wordfreq,31,1.0
身价,3.67,zh,wordfreq,54,1.0
身心,4.1,zh,wordfreq,76,1.0
身长,3.39,zh,wordfreq,92,1.0
躲开,3.59,zh,wordfreq,35,1.0
躲过,3.5,zh,wordfreq,45,1.0
车型,3.91,zh,wordfreq,48,1.0
转世,3.56,zh,wordfreq,58,1.0
转入,3.94,zh,wordfreq,94,1.0
转变,4.78,zh,wordfreq,50,1.0
转向,4.58,zh,wordfreq,67,1.0
转机,3.74,zh,wordfreq,73,1.0
转给,3.4,zh,wordfreq,59,1.0
转让,4.25,zh,wordfreq,37,1.0
转运,3.83,zh,wordfreq,52,1.0
转述,3.32,zh,wordfreq,52,1.0
轰炸机,4.05,zh,wordfreq,0,1.95
轻便,3.42,zh,wordfreq,22,1.0
轻重,3.69,zh,wordfreq,43,1.0
载入,3.48,zh,wordfreq,65,1.0
较量,3.84,zh,wordfreq,46,1.0
辅助,4.46,zh,wordfreq,19,1.05
辉煌,4.22,zh,wordfreq,1,1.95
输掉,3.53,zh,wordfreq,25,1.0
输球,3.35,zh,wordfreq,30,1.0
辞典,3.6,zh,wordfreq,15,1.25
辣妹,3.43,zh,wordfreq,9,1.55
辩护,4.39,zh,wordfreq,16,1.15
边上,3.9,zh,wordfreq,81,1.0
边防,3.75,zh,wordfreq,14,1.3
达赖,3.62,zh,wordfreq,13,1.35
迁就,3.36,zh,wordfreq,7,1.65
迅猛,3.55,zh,wordfreq,4,1.8
过分,4.38,zh,wordfreq,73,1.0
过去,5.57,zh,wordfreq,59,1.0
过得,3.99,zh,wordfreq,71,1.0
过早,3.45,zh,wordfreq,48,1.0
过量,3.82,zh,wordfreq,80,1.0
迈克,3.67,zh,wordfreq,37,1.0
运动会,4.1,zh,wordfreq,3,1.8
运动场,3.63,zh,wordfreq,3,1.8
运河,3.93,zh,wordfreq,28,1.0
运行,4.94,zh,wordfreq,79,1.0
近代,4.38,zh,wordfreq,34,1.0
近几年,3.36,zh,wordfreq,2,1.8
近视,3.47,zh,wordfreq,39,1.0
还好,4.55,zh,wordfreq,47,1.0
还款,3.53,zh,wordfreq,28,1.0
这么,5.69,zh,wordfreq,62,1.0
这块,4.24,zh,wordfreq,68,1.0
这帮,3.79,zh,wordfreq,59,1.0
这张,4.43,zh,wordfreq,72,1.0
这批,3.69,zh,wordfreq,61,1.0
这是,5.62,zh,wordfreq,93,1.0
这栋,3.59,zh,wordfreq,57,1.0
这片,4.04,zh,wordfreq,81,1.0
这里,5.67,zh,wordfreq,101,1.0
进军,4.11,zh,wordfreq,60,1.0
进化,4.37,zh,wordfreq,70,1.0
进发,3.43,zh,wordfreq,78,1.0
进屋,3.49,zh,wordfreq,33,1.0
进步,4.99,zh,wordfreq,47,1.0
进门,3.6,zh,wordfreq,75,1.0
远比,3.36,zh,wordfreq,30,1.0
违约,3.88,zh,wordfreq,28,1.0
违纪,3.92,zh,wordfreq,11,1.45
违规,4.25,zh,wordfreq,12,1.4
连夜,3.7,zh,wordfreq,37,1.0
连续,4.99,zh,wordfreq,32,1.0
连胜,3.52,zh,wordfreq,34,1.0
连贯,3.37,zh,wordfreq,25,1.0
迟钝,3.6,zh,wordfreq,5,1.75
迫害,4.58,zh,wordfreq,23,1.0
迷信,3.87,zh,wordfreq,33,1.0
迷惑,3.91,zh,wordfreq,13,1.35
迷糊,3.4,zh,wordfreq,12,1.4
追回,3.34,zh,wordfreq,36,1.0
追捕,3.83,zh,wordfreq,20,1.0
追究,4.1,zh,wordfreq,19,1.05
追问,3.68,zh,wordfreq,33,1.0
送来,3.93,zh,wordfreq,64,1.0
送走,3.36,zh,wordfreq,26,1.0
送达,3.52,zh,wordfreq,24,1.0
适时,3.87,zh,wordfreq,48,1.0
适用,4.77,zh,wordfreq,74,1.0
适量,3.41,zh,wordfreq,48,1.0
选举权,3.71,zh,wordfreq,3,1.8
选区,4.24,zh,wordfreq,63,1.0
选秀,3.41,zh,wordfreq,21,1.0
选美,3.64,zh,wordfreq,41,1.0
逊尼派,3.36,zh,wordfreq,0,2.0
透明,4.47,zh,wordfreq,37,1.0
透明度,3.82,zh,wordfreq,0,1.95
途径,4.68,zh,wordfreq,9,1.55
通向,3.71,zh,wordfreq,68,1.0
通宵,3.54,zh,wordfreq,34,1.0
通用,4.45,zh,wordfreq,101,1.0
通称,3.84,zh,wordfreq,64,1.0
通行证,3.59,zh,wordfreq,0,1.95
通话,4.03,zh,wordfreq,62,1.0
通路,3.43,zh,wordfreq,69,1.0
造价,3.74,zh,wordfreq,42,1.0
逮捕,4.71,zh,wordfreq,5,1.75
遇上,4.27,zh,wordfreq,79,1.0
遇袭,3.58,zh,wordfreq,16,1.2
道场,3.41,zh,wordfreq,66,1.0
道长,3.35,zh,wordfreq,82,1.0
遗产,4.52,zh,wordfreq,41,1.0
遗嘱,3.8,zh,wordfreq,16,1.2
遣返,3.99,zh,wordfreq,3,1.85
遥感,3.62,zh,wordfreq,22,1.0
遴选,3.5,zh,wordfreq,23,1.0
遵从,3.71,zh,wordfreq,13,1.35
遵循,4.31,zh,wordfreq,4,1.8
邀请,5.0,zh,wordfreq,5,1.7
邢台,3.44,zh,wordfreq,27,1.0
那位,4.28,zh,wordfreq,68,1.0
那段,3.84,zh,wordfreq,33,1.0
那种,4.98,zh,wordfreq,51,1.0
邦德,3.32,zh,wordfreq,28,1.0
邮件,4.36,zh,wordfreq,36,1.0
邮电,3.59,zh,wordfreq,28,1.0
部委,3.82,zh,wordfreq,28,1.0
都市,4.59,zh,wordfreq,20,1.0
鄙视,3.73,zh,wordfreq,28,1.0
配合,4.82,zh,wordfreq,44,1.0
配有,3.65,zh,wordfreq,85,1.0
配给,3.52,zh,wordfreq,42,1.0
酒家,3.36,zh,wordfreq,76,1.0
酒楼,3.4,zh,wordfreq,18,1.1
酷刑,3.84,zh,wordfreq,8,1.6
酿酒,3.59,zh,wordfreq,10,1.5
醒来,4.21,zh,wordfreq,57,1.0
采纳,4.03,zh,wordfreq,18,1.1
释义,3.33,zh,wordfreq,20,1.0
里根,3.71,zh,wordfreq,23,1.0
里边,3.62,zh,wordfreq,43,1.0
里面,5.24,zh,wordfreq,71,1.0
重型,3.79,zh,wordfreq,66,1.0
重度,3.49,zh,wordfreq,93,1.0
重拾,3.43,zh,wordfreq,46,1.0
重现,3.91,zh,wordfreq,57,1.0
重组,4.31,zh,wordfreq,57,1.0
重视,4.98,zh,wordfreq,73,1.0
重镇,3.49,zh,wordfreq,53,1.0
野兽,4.19,zh,wordfreq,13,1.35
野性,3.33,zh,wordfreq,55,1.0
野餐,3.42,zh,wordfreq,19,1.05
金字塔,3.93,zh,wordfreq,0,2.0
金库,3.63,zh,wordfreq,36,1.0
釜山,3.54,zh,wordfreq,36,1.0
鉴别,3.71,zh,wordfreq,21,1.0
钉子,3.63,zh,wordfreq,172,1.0
钟头,3.44,zh,wordfreq,76,1.0
钢铁,4.41,zh,wordfreq,9,1.55
钱包,4.26,zh,wordfreq,11,1.45
铁匠,3.32,zh,wordfreq,8,1.6
铁轨,3.51,zh,wordfreq,9,1.55
铃声,3.78,zh,wordfreq,29,1.0
铜牌,3.69,zh,wordfreq,16,1.2
铠甲,3.44,zh,wordfreq,5,1.75
铲除,3.65,zh,wordfreq,17,1.15
销售,5.12,zh,wordfreq,9,1.45
锐利,3.36,zh,wordfreq,44,1.0
锤子,3.53,zh,wordfreq,172,1.0
镇守,3.47,zh,wordfreq,17,1.15
镇定,3.57,zh,wordfreq,58,1.0
镜子,4.2,zh,wordfreq,175,1.0
长假,3.72,zh,wordfreq,43,1.0
长得,3.94,zh,wordfreq,64,1.0
长春,4.25,zh,wordfreq,35,1.0
长江,4.44,zh,wordfreq,42,1.0
长相,3.82,zh,wordfreq,43,1.0
门上,3.45,zh,wordfreq,88,1.0
门将,3.58,zh,wordfreq,28,1.0
门店,3.48,zh,wordfreq,25,1.0
闭嘴,3.82,zh,wordfreq,6,1.7
闭塞,3.37,zh,wordfreq,8,1.6
问卷,3.68,zh,wordfreq,17,1.15
问问,4.21,zh,wordfreq,31,1.0
闯入,4.01,zh,wordfreq,63,1.0
闷热,3.34,zh,wordfreq,8,1.6
闺女,3.46,zh,wordfreq,21,1.0
闺蜜,3.51,zh,wordfreq,3,1.85
阐释,3.67,zh,wordfreq,9,1.55
队伍,4.97,zh,wordfreq,7,1.65
防御,4.41,zh,wordfreq,18,1.1
防治,4.26,zh,wordfreq,31,1.0
防火,3.85,zh,wordfreq,39,1.0
阴性,3.55,zh,wordfreq,52,1.0
阴谋论,3.58,zh,wordfreq,0,1.95
阴险,3.41,zh,wordfreq,13,1.35
阵容,4.02,zh,wordfreq,22,1.0
阿卡,3.32,zh,wordfreq,19,1.05
阿拉,4.09,zh,wordfreq,46,1.0
阿拉伯,4.51,zh,wordfreq,0,1.95
阿联酋,3.71,zh,wordfreq,0,2.0
陈年,3.36,zh,wordfreq,67,1.0
降价,3.92,zh,wordfreq,40,1.0
降级,3.65,zh,wordfreq,39,1.0
降落,4.18,zh,wordfreq,35,1.0
降雨,3.72,zh,wordfreq,15,1.2
限制,5.14,zh,wordfreq,44,1.0
院中,3.4,zh,wordfreq,54,1.0
院长,4.65,zh,wordfreq,75,1.0
除去,3.88,zh,wordfreq,25,1.0
险恶,3.52,zh,wordfreq,8,1.6
陷阱,4.12,zh,wordfreq,4,1.8
随同,3.35,zh,wordfreq,32,1.0
随手,3.74,zh,wordfreq,73,1.0
随机,4.34,zh,wordfreq,55,1.0
隐喻,3.5,zh,wordfreq,15,1.25
隐患,3.92,zh,wordfreq,16,1.2
隐约,3.42,zh,wordfreq,34,1.0
隶属,4.24,zh,wordfreq,15,1.2
难于,3.57,zh,wordfreq,68,1.0
难堪,3.83,zh,wordfreq,18,1.1
难民营,3.34,zh,wordfreq,0,1.9
难道,5.08,zh,wordfreq,57,1.0
难题,4.36,zh,wordfreq,28,1.0
集市,3.51,zh,wordfreq,31,1.0
集结,4.15,zh,wordfreq,29,1.0
雇员,4.05,zh,wordfreq,28,1.0
雨林,3.56,zh,wordfreq,25,1.0
雪地,3.4,zh,wordfreq,71,1.0
雪球,3.67,zh,wordfreq,29,1.0
雷雨,3.37,zh,wordfreq,13,1.35
雷霆,3.54,zh,wordfreq,7,1.65
震动,4.07,zh,wordfreq,63,1.0
霍尔,3.77,zh,wordfreq,46,1.0
露露,3.47,zh,wordfreq,15,1.25
露面,3.75,zh,wordfreq,62,1.0
霸王,3.6,zh,wordfreq,17,1.15
青年人,3.48,zh,wordfreq,2,1.85
青春,4.46,zh,wordfreq,13,1.3
静静地,3.63,zh,wordfreq,0,1.95
非人,3.37,zh,wordfreq,148,1.0
非常,5.59,zh,wordfreq,21,1.0
非得,3.94,zh,wordfreq,40,1.0
非政府,3.53,zh,wordfreq,7,1.6
面孔,3.78,zh,wordfreq,27,1.0
面积,5.23,zh,wordfreq,30,1.0
面膜,3.58,zh,wordfreq,26,1.0
革命者,3.37,zh,wordfreq,3,1.8
靴子,3.47,zh,wordfreq,172,1.0
鞍山,3.52,zh,wordfreq,36,1.0
音乐会,4.17,zh,wordfreq,4,1.75
音乐剧,3.67,zh,wordfreq,4,1.75
音讯,3.45,zh,wordfreq,19,1.05
音频,3.88,zh,wordfreq,16,1.2
韵味,3.36,zh,wordfreq,15,1.25
顺着,3.94,zh,wordfreq,49,1.0
顺风,3.58,zh,wordfreq,33,1.0
须知,3.4,zh,wordfreq,21,1.0
顾客,4.61,zh,wordfreq,18,1.1
预付,3.54,zh,wordfreq,36,1.0
预告片,3.72,zh,wordfreq,0,1.95
预料,3.98,zh,wordfreq,53,1.0
预测,4.86,zh,wordfreq,39,1.0
预警,4.2,zh,wordfreq,39,1.0
领主,3.81,zh,wordfreq,40,1.0
领先,4.49,zh,wordfreq,31,1.0
领海,3.46,zh,wordfreq,44,1.0
领空,3.59,zh,wordfreq,38,1.0
领衔,3.48,zh,wordfreq,21,1.0
领袖,4.81,zh,wordfreq,19,1.05
题为,3.85,zh,wordfreq,46,1.0
颤抖,3.76,zh,wordfreq,1,1.95
风云,3.91,zh,wordfreq,37,1.0
风扇,3.62,zh,wordfreq,32,1.0
风采,3.74,zh,wordfreq,33,1.0
飙升,3.48,zh,wordfreq,6,1.7
飞弹,3.99,zh,wordfreq,29,1.0
飞扬,3.44,zh,wordfreq,26,1.0
飞行,4.73,zh,wordfreq,83,1.0
飞跃,3.84,zh,wordfreq,22,1.0
飞龙,3.35,zh,wordfreq,30,1.0
食用,4.22,zh,wordfreq,76,1.0
餐桌,3.62,zh,wordfreq,6,1.7
饭店,4.52,zh,wordfreq,13,1.35
饱受,3.72,zh,wordfreq,17,1.15
馒头,4.01,zh,wordfreq,73,1.0
首富,3.35,zh,wordfreq,39,1.0
首度,4.09,zh,wordfreq,82,1.0
首张,3.4,zh,wordfreq,50,1.0
首播,3.52,zh,wordfreq,46,1.0
首选,3.88,zh,wordfreq,57,1.0
香味,3.72,zh,wordfreq,26,1.0
香港,5.82,zh,wordfreq,13,1.35
香烟,4.07,zh,wordfreq,18,1.1
马尔,3.6,zh,wordfreq,66,1.0
马尾,3.41,zh,wordfreq,23,1.0
马来,3.92,zh,wordfreq,76,1.0
马英九,3.55,zh,wordfreq,0,2.0
马车,3.78,zh,wordfreq,70,1.0
马铃薯,3.69,zh,wordfreq,0,2.0
驯服,3.32,zh,wordfreq,17,1.15
驱动,4.33,zh,wordfreq,63,1.0
驾照,3.77,zh,wordfreq,22,1.0
骂人,3.6,zh,wordfreq,140,1.0
骚动,3.72,zh,wordfreq,63,1.0
骚扰,4.33,zh,wordfreq,7,1.6
骚货,3.93,zh,wordfreq,20,1.0
骨头,4.14,zh,wordfreq,80,1.0
骨架,3.49,zh,wordfreq,18,1.1
高僧,3.45,zh,wordfreq,67,1.0
高利贷,3.65,zh,wordfreq,0,2.0
高大,4.03,zh,wordfreq,123,1.0
高尔基,3.32,zh,wordfreq,1,1.95
高尔夫,3.88,zh,wordfreq,2,1.9
高昂,3.72,zh,wordfreq,68,1.0
高清,4.4,zh,wordfreq,77,1.0
高级,4.96,zh,wordfreq,97,1.0
高通,3.51,zh,wordfreq,91,1.0
高雄市,3.42,zh,wordfreq,0,1.95
高雅,3.6,zh,wordfreq,69,1.0
魔女,3.99,zh,wordfreq,28,1.0
魔鬼,4.19,zh,wordfreq,11,1.45
鲍威尔,3.38,zh,wordfreq,0,1.95
鲜活,3.44,zh,wordfreq,17,1.15
鲤鱼,3.54,zh,wordfreq,11,1.45
鲸鱼,3.71,zh,wordfreq,11,1.45
鸟类,4.09,zh,wordfreq,20,1.0
鸭子,3.82,zh,wordfreq,172,1.0
麻痹,3.57,zh,wordfreq,7,1.65
麻醉,3.75,zh,wordfreq,9,1.55
黄石,3.42,zh,wordfreq,23,1.0
黎明,4.01,zh,wordfreq,31,1.0
黑体,3.33,zh,wordfreq,74,1.0
黑市,3.48,zh,wordfreq,40,1.0
黑衣,3.46,zh,wordfreq,36,1.0
黑龙江,4.46,zh,wordfreq,0,2.0
鼓励,4.99,zh,wordfreq,6,1.7
鼓掌,3.83,zh,wordfreq,7,1.65
齐全,4.04,zh,wordfreq,11,1.45
齿轮,3.76,zh,wordfreq,8,1.6
龙凤,3.33,zh,wordfreq,7,1.65
龙卷风,3.6,zh,wordfreq,0,2.0
龙头,4.11,zh,wordfreq,79,1.0
龙门,3.55,zh,wordfreq,51,1.0
龟头,3.45,zh,wordfreq,73,1.0
